date,chapo,dough,lpotl,msw,naddp,seccap,tcb,tco,tesd,tmg
2015-09-22,,,5,,,,,,,
2015-09-23,,,7,,,,,,,
2015-09-24,,,7,,,,,,,
2015-09-25,,,7,,,,,,,
2015-09-26,,,7,,,,,,,
2015-09-27,,,7,,,,,,,
2015-09-28,,,7,,,,,,,
2015-09-29,,,8,,,,,,,
2015-09-30,,,8,,,,,,,
2015-10-01,,,9,,,,,,,
2015-10-02,,,11,,,,,,,
2015-10-03,,,11,,,,,,,
2015-10-04,,,11,,,,,,,
2015-10-05,,,12,,,,,,,
2015-10-06,,,12,,,,,,,
2015-10-07,,,12,,,,,,,
2015-10-08,,,12,,,,,,,
2015-10-09,,,12,,,,,,,
2015-10-10,,,12,,,,,,,
2015-10-11,,,12,,,,,,,
2015-10-12,,,12,,,,,,,
2015-10-13,,,12,,,,,,,
2015-10-14,,,12,,,,,,,
2015-10-15,,,12,,,,,,,
2015-10-16,,,12,,,,,,,
2015-10-17,,,12,,,,,,,
2015-10-18,,,12,,,,,,,
2015-10-19,,,13,,,,,,,
2015-10-20,,,13,,,,,,,
2015-10-21,,,13,,,,,,,
2015-10-22,,,13,,,,,,,
2015-10-23,,,13,,,,,,,
2015-10-24,,,13,,,,,,,
2015-10-25,,,13,,,,,,,
2015-10-26,,,13,,,,,,,
2015-10-27,,,13,,,,,,,
2015-10-28,,,13,,,,,,,
2015-10-29,,,13,,,,,,,
2015-10-30,,,13,,,,,,,
2015-10-31,,,13,,,,,,,
2015-11-01,,,13,,,,,,,
2015-11-02,,,13,,,,,,,
2015-11-03,,,13,,,,,,,
2015-11-04,,,13,,,,,,,
2015-11-05,,,13,,,,,,,
2015-11-06,,,13,,,,,,,
2015-11-07,,,13,,,,,,,
2015-11-08,,,12,,,,,,,
2015-11-09,,,12,,,,,,,
2015-11-10,,,12,,,,,,,
2015-11-11,,,12,,,,,,,
2015-11-12,,,12,,,,,,,
2015-11-13,,,12,,,,,,,
2015-11-14,,,12,,,,,,,
2015-11-15,,,12,,,,,,,
2015-11-16,,,12,,,,,,,
2015-11-17,,,12,,,,,,,
2015-11-18,,,12,,,,,,,
2015-11-19,,,12,,,,,,,
2015-11-20,,,12,,,,,,,
2015-11-21,,,12,,,,,,,
2015-11-22,,,12,,,,,,,
2015-11-23,,,13,,,,,,,
2015-11-24,,,15,,,,,,,
2015-11-25,,,16,,,,,,,
2015-11-26,,,19,,,,,,,
2015-11-27,,,19,,,,,,,
2015-11-28,,,20,,,,,,,
2015-11-29,,,22,,,,,,,
2015-11-30,,,23,,,,,,,
2015-12-01,,,24,,,,,,,
2015-12-02,,,25,,,,,,,
2015-12-03,,,26,,,,,,,
2015-12-04,,,28,,,,,,,
2015-12-05,,,28,,,,,,,
2015-12-06,,,30,,,,,,,
2015-12-07,,,30,,,,,,,
2015-12-08,,,31,,,,,,,
2015-12-09,,,32,,,,,,,
2015-12-10,,,34,,,,,,,
2015-12-11,,,35,,,,,,,
2015-12-12,,,36,,,,,,,
2015-12-13,,,42,,,,,,,
2015-12-14,,,42,,,,,,,
2015-12-15,,,42,,,,,,,
2015-12-16,,,42,,,,,,,
2015-12-17,,,42,,,,,,,
2015-12-18,,,43,,,,,,,
2015-12-19,,,43,,,,,,,
2015-12-20,,,124,,,,,,,
2015-12-21,,,225,,,,,,,
2015-12-22,,,270,,,,,,,
2015-12-23,,,305,,,,,,,
2015-12-24,,,324,,,,,,,
2015-12-25,,,333,,,,,,,
2015-12-26,,,336,,,,,,,
2015-12-27,,,341,,,,,,,
2015-12-28,,,349,,,,,,,
2015-12-29,,,352,,,,,,,
2015-12-30,,,365,,,,,,,
2015-12-31,,,380,,,,,,,
2016-01-01,,,397,,,,,,,
2016-01-02,,,397,,,,,,,
2016-01-03,,,405,,,,,,,
2016-01-04,,,420,,,,,,,
2016-01-05,,,437,,,,,,,
2016-01-06,,,444,,,,,,,
2016-01-07,,,477,,,,,,,
2016-01-08,,,494,,,,,,,
2016-01-09,,,502,,,,,,,
2016-01-10,,,507,,,,,,,
2016-01-11,,,515,,,,,,,
2016-01-12,,,521,,,,,,,
2016-01-13,,,534,,,,,,,
2016-01-14,,,541,,,,,,,
2016-01-15,,,553,,,,,,,
2016-01-16,,,560,,,,,,,
2016-01-17,,,568,,,,,,,
2016-01-18,,,582,,,,,,,
2016-01-19,,,593,,,,,,,
2016-01-20,,,602,,,,,,,
2016-01-21,,,608,,,,,,,
2016-01-22,,,616,,,,,,,
2016-01-23,,,627,,,,,,,
2016-01-24,,,631,,,,,,,
2016-01-25,,,633,,,,,,,
2016-01-26,,,635,,,,,,,
2016-01-27,,,645,,,,,,,
2016-01-28,,,651,,,,,,,
2016-01-29,,,654,,,,,,,
2016-01-30,,,657,,,,,,,
2016-01-31,,,658,,,,,,,
2016-02-01,,,658,,,,,,,
2016-02-02,,,626,,,,,,,
2016-02-03,,,632,,,,,,,
2016-02-04,,,640,,,,,,,
2016-02-05,,,652,,,,,,,
2016-02-06,,,657,,,,,,,
2016-02-07,,,665,,,,,,,
2016-02-08,,,675,,,,,,,
2016-02-09,,,679,,,,,,,
2016-02-10,,,688,,,,,,,
2016-02-11,,,698,,,,,,,
2016-02-12,,,706,,,,,,,
2016-02-13,,,715,,,,,,,
2016-02-14,,,719,,,,,,,
2016-02-15,,,723,,,,,,,
2016-02-16,,,728,,,,,,,
2016-02-17,,,732,,,,,,,
2016-02-18,,,734,,,,,,,
2016-02-19,,,737,,,,,,,
2016-02-20,,,741,,,,,,,
2016-02-21,,,743,,,,,,,
2016-02-22,,,746,,,,,,,
2016-02-23,,,748,,,,,,,
2016-02-24,,,750,,,,,,,
2016-02-25,,,753,,,,,,,
2016-02-26,,,756,,,,,,,
2016-02-27,,,761,,,,,,,
2016-02-28,,,765,,,,,,,
2016-02-29,,,767,,,,,,,
2016-03-01,,,731,,,,,,,
2016-03-02,,,738,,,,,,,
2016-03-03,,,744,,,,,,,
2016-03-04,,,752,,,,,,,
2016-03-05,,,751,,,,,,,
2016-03-06,,,754,,,,,,,
2016-03-07,,,754,,,,,,,
2016-03-08,,,758,,,,,,,
2016-03-09,,,759,,,,,,,
2016-03-10,,,768,,,,,,,
2016-03-11,,,772,,,,,,,
2016-03-12,,,775,,,,,,,
2016-03-13,,,775,,,,,,,
2016-03-14,,,778,,,,,,,
2016-03-15,,,783,,,,,,,
2016-03-16,,,787,,,,,,,
2016-03-17,,,791,,,,,,,
2016-03-18,,,795,,,,,,,
2016-03-19,,,797,,,,,,,
2016-03-20,,,799,,,,,,,
2016-03-21,,,803,,,,,,,
2016-03-22,,,804,,,,,,,
2016-03-23,,,806,,,,,,,
2016-03-24,,,815,,,,,,,
2016-03-25,,,815,,,,,,,
2016-03-26,,,819,,,,,,,
2016-03-27,,,823,,,,,,,
2016-03-28,,,824,,,,,,,
2016-03-29,,,829,,,,,,,
2016-03-30,,,831,,,,,,,
2016-03-31,,,830,,,,,,,
2016-04-01,,,783,,,,,,,
2016-04-02,,,795,,,,,,,
2016-04-03,,,800,,,,,,,
2016-04-04,,,802,,,,,,,
2016-04-05,,,809,,,,,,,
2016-04-06,,,816,,,,,,,
2016-04-07,,,825,,,,,,,
2016-04-08,,,829,,,,,,,
2016-04-09,,,830,,,,,,,
2016-04-10,,,836,,,,,,,
2016-04-11,,,836,,,,,,,
2016-04-12,,,837,,,,,,,
2016-04-13,,,843,,,,,,,
2016-04-14,,,849,,,,,,,
2016-04-15,,,851,,,,,,,
2016-04-16,,,858,,,,,,,
2016-04-17,,,860,,,,,,,
2016-04-18,,,861,,,,,,,
2016-04-19,,,867,,,,,,,
2016-04-20,,,870,,,,,,,
2016-04-21,,,871,,,,,,,
2016-04-22,,,874,,,,,,,
2016-04-23,,,878,,,,,,,
2016-04-24,,,878,,,,,,,
2016-04-25,,,881,,,,,,,
2016-04-26,,,883,,,,,,,
2016-04-27,,,883,,,,,,,
2016-04-28,,,881,,,,,,,
2016-04-29,,,884,,,,,,,
2016-04-30,,,886,,,,,,,
2016-05-01,,,844,,,,,,,
2016-05-02,,,849,,,,,,,
2016-05-03,,,850,,,,,,,
2016-05-04,,,860,,,,,,,
2016-05-05,,,863,,,,,,,
2016-05-06,,,873,,,,,,,
2016-05-07,,,879,,,,,,,
2016-05-08,,,892,,,,,,,
2016-05-09,,,903,,,,,,,
2016-05-10,,,910,,,,,,,
2016-05-11,,,919,,,,,,,
2016-05-12,,,923,,,,,,,
2016-05-13,,,931,,,,,,,
2016-05-14,,,934,,,,,,,
2016-05-15,,,940,,,,,,,
2016-05-16,,,947,,,,,,,
2016-05-17,,,955,,,,,,,
2016-05-18,,,961,,,,,,,
2016-05-19,,,963,,,,,,,
2016-05-20,,,969,,,,,,,
2016-05-21,,,968,,,,,,,
2016-05-22,,,971,,,,,,,
2016-05-23,181.0,,978,,,,,,,
2016-05-24,233.0,,982,,,,,,,
2016-05-25,251.0,,985,,,,,,,
2016-05-26,318.0,,989,,,,,,,
2016-05-27,414.0,,997,,,,,,,
2016-05-28,491.0,,1001,,,,,,,
2016-05-29,518.0,,1000,,,,,,,
2016-05-30,548.0,,1004,,,,,,,
2016-05-31,663.0,,1003,,,,,,,
2016-06-01,714.0,,955,,,,,,,
2016-06-02,762.0,,973,,,,,,,
2016-06-03,816.0,,988,,,,,,,
2016-06-04,835.0,,1000,,,,,,,
2016-06-05,848.0,,1001,,,,,,,
2016-06-06,863.0,,1005,,,,,,,
2016-06-07,920.0,,1008,,,,,,,
2016-06-08,956.0,,1011,,,,,,,
2016-06-09,971.0,,1013,,,,,,,
2016-06-10,1035.0,,1014,,,,,,,
2016-06-11,1057.0,,1016,,,,,,,
2016-06-12,1078.0,,1020,,,,,,,
2016-06-13,1124.0,,1021,,,,,,,
2016-06-14,1161.0,,1026,,,,,,,
2016-06-15,1198.0,,1028,,,,,,,
2016-06-16,1290.0,,1037,,,,,,,
2016-06-17,1334.0,,1040,,,,,,,
2016-06-18,1361.0,,1042,,,,,,,
2016-06-19,1383.0,,1043,,,,,,,
2016-06-20,1435.0,,1048,,,,,,,
2016-06-21,1479.0,,1049,,,,,,,
2016-06-22,1516.0,,1050,,,,,,,
2016-06-23,1546.0,,1057,,,,,,,
2016-06-24,1571.0,,1059,,,,,,,
2016-06-25,1608.0,,1059,,,,,,,
2016-06-26,1645.0,,1060,,,,,,,
2016-06-27,1671.0,,1059,,,,,,,
2016-06-28,1698.0,,1056,,,,,,,
2016-06-29,1724.0,,1060,,,,16.0,,,
2016-06-30,1735.0,,1068,,,,17.0,,,
2016-07-01,1712.0,,1026,,,,17.0,,,
2016-07-02,1725.0,,1034,,,,17.0,,,
2016-07-03,1746.0,,1036,,,,18.0,,,
2016-07-04,1755.0,,1036,,,,18.0,,,
2016-07-05,1775.0,,1039,,,,19.0,,,
2016-07-06,1791.0,,1040,,,,22.0,,,
2016-07-07,1803.0,,1044,,,,23.0,,,
2016-07-08,1826.0,,1047,,,,24.0,,,
2016-07-09,1846.0,,1051,,,,24.0,,,
2016-07-10,1861.0,,1053,,,,24.0,,,
2016-07-11,1880.0,,1056,,,,25.0,,,
2016-07-12,1891.0,,1058,,,,27.0,,,
2016-07-13,1908.0,,1061,,,,27.0,,,
2016-07-14,1921.0,,1072,,,,28.0,,,
2016-07-15,1965.0,,1093,,,,30.0,,,
2016-07-16,1990.0,,1099,,,,31.0,,,
2016-07-17,2009.0,,1101,,,,31.0,,,
2016-07-18,2033.0,,1102,,,,30.0,,,
2016-07-19,2061.0,,1106,,,,31.0,,,
2016-07-20,2074.0,,1109,,,,32.0,,,
2016-07-21,2100.0,,1113,,,,34.0,,,
2016-07-22,2163.0,,1117,,,,35.0,,,
2016-07-23,2191.0,,1118,,,,35.0,,,
2016-07-24,2209.0,,1118,,,,36.0,,,
2016-07-25,2238.0,,1114,,,,36.0,,,
2016-07-26,2255.0,,1114,,,,36.0,,,
2016-07-27,2281.0,,1112,,,,36.0,,,
2016-07-28,2288.0,,1111,,,,37.0,,,
2016-07-29,2308.0,,1114,,,,39.0,,,
2016-07-30,2325.0,,1115,,,,39.0,,,
2016-07-31,2334.0,,1115,,,,40.0,,,
2016-08-01,2282.0,,1063,,,,40.0,,,
2016-08-02,2350.0,,1073,,,,40.0,,,
2016-08-03,2389.0,,1078,,,,41.0,,,
2016-08-04,2455.0,,1088,,,,44.0,,,
2016-08-05,2503.0,,1105,,,,45.0,,,
2016-08-06,2520.0,,1109,,,,48.0,,,
2016-08-07,2533.0,,1115,,,,48.0,,,
2016-08-08,2551.0,,1120,,,,48.0,,,
2016-08-09,2566.0,,1126,,,,50.0,,,
2016-08-10,2584.0,,1130,,,,51.0,,,
2016-08-11,2611.0,,1145,,,,51.0,,,
2016-08-12,2629.0,,1151,,,,52.0,,,
2016-08-13,2637.0,,1156,,,,52.0,,,
2016-08-14,2645.0,,1162,,,,53.0,,,
2016-08-15,2664.0,,1170,,,,54.0,,,
2016-08-16,2672.0,,1170,,,,55.0,,,
2016-08-17,2684.0,,1176,,,,56.0,,,
2016-08-18,2698.0,,1187,,,,59.0,,,
2016-08-19,2732.0,,1195,,,,59.0,,,
2016-08-20,2745.0,,1201,,,,59.0,,,
2016-08-21,2768.0,,1207,,,,61.0,,,
2016-08-22,2784.0,,1213,,,,61.0,,,
2016-08-23,2798.0,,1224,,,,62.0,,,
2016-08-24,2815.0,,1228,,,,62.0,,,
2016-08-25,2836.0,,1235,,,,62.0,,,
2016-08-26,2854.0,,1243,,,,62.0,,,
2016-08-27,2869.0,,1246,,,,62.0,,,
2016-08-28,2880.0,,1247,,,,61.0,,,
2016-08-29,2891.0,,1252,,,,61.0,,,
2016-08-30,2901.0,,1258,,,,59.0,,,
2016-08-31,2914.0,,1274,,,,59.0,,,
2016-09-01,2837.0,,1200,,,,59.0,,,
2016-09-02,2864.0,,1235,,,,59.0,,,
2016-09-03,2878.0,,1245,,,,59.0,,,
2016-09-04,2895.0,,1255,,,,59.0,,,
2016-09-05,2922.0,,1261,,,,60.0,,,
2016-09-06,2935.0,,1269,,,,67.0,,,
2016-09-07,2949.0,,1281,,,,79.0,,,
2016-09-08,2961.0,,1291,,,,81.0,,,
2016-09-09,2983.0,,1305,,,,84.0,,,
2016-09-10,3000.0,,1312,,,,87.0,,,
2016-09-11,3012.0,,1312,,,,89.0,,,
2016-09-12,3024.0,,1317,,,,91.0,,,
2016-09-13,3051.0,,1320,,,,93.0,,,
2016-09-14,3079.0,,1319,,,,109.0,,,
2016-09-15,3114.0,,1325,,,,219.0,,,
2016-09-16,3162.0,,1332,,,,255.0,,,
2016-09-17,3182.0,,1339,,,,271.0,,,
2016-09-18,3210.0,,1339,,,,285.0,,,
2016-09-19,3218.0,,1344,,,,293.0,,,
2016-09-20,3228.0,,1348,,,,305.0,,,
2016-09-21,3248.0,,1350,,,,310.0,,,
2016-09-22,3267.0,,1357,,,,341.0,,,
2016-09-23,3278.0,,1367,,,,362.0,,,
2016-09-24,3290.0,,1368,,,,371.0,,,
2016-09-25,3302.0,,1371,,,,390.0,,,
2016-09-26,3313.0,,1379,,,,395.0,,,
2016-09-27,3319.0,,1376,,,,398.0,,,
2016-09-28,3334.0,,1379,,,,401.0,,,
2016-09-29,3336.0,,1382,,,,424.0,,,
2016-09-30,3348.0,,1384,,,,449.0,,,
2016-10-01,3260.0,,1317,,,,452.0,,,
2016-10-02,3288.0,,1324,,,,462.0,,,
2016-10-03,3320.0,,1344,,,,471.0,,,
2016-10-04,3354.0,,1355,,,,482.0,,,
2016-10-05,3373.0,,1367,,,,492.0,,,
2016-10-06,3390.0,,1378,,,,507.0,,,
2016-10-07,3416.0,,1389,,,,513.0,,,
2016-10-08,3427.0,,1393,,,,528.0,,,
2016-10-09,3438.0,,1396,,,,544.0,,,
2016-10-10,3443.0,,1403,,,,557.0,,,
2016-10-11,3466.0,,1404,,,,569.0,,,
2016-10-12,3514.0,,1407,,,,582.0,,,
2016-10-13,3556.0,,1414,,,,589.0,,,
2016-10-14,3598.0,,1416,,,,608.0,,,
2016-10-15,3635.0,,1422,,,,614.0,,,
2016-10-16,3664.0,,1428,,,,622.0,,,
2016-10-17,3686.0,,1435,,,,624.0,,,
2016-10-18,3719.0,,1442,,,,650.0,,,
2016-10-19,3744.0,,1443,,,,661.0,,,
2016-10-20,3758.0,,1451,,,,683.0,,,
2016-10-21,3776.0,,1455,,,,700.0,,,
2016-10-22,3798.0,,1457,,,,714.0,,,
2016-10-23,3842.0,,1459,,,,720.0,,,
2016-10-24,3883.0,,1461,,,,737.0,,,
2016-10-25,3912.0,,1472,,,,748.0,,,
2016-10-26,3941.0,,1478,,,,768.0,,,
2016-10-27,3970.0,,1484,,,,780.0,,,
2016-10-28,3984.0,,1484,,,,789.0,,,
2016-10-29,4008.0,,1486,,,,794.0,,,
2016-10-30,4021.0,,1489,,,,801.0,,,
2016-10-31,4025.0,,1481,,,,811.0,,,
2016-11-01,3912.0,,1404,,,,775.0,,,
2016-11-02,3951.0,,1421,,,,789.0,,,
2016-11-03,4027.0,,1440,,,,806.0,,,
2016-11-04,4100.0,,1458,,,,821.0,,,
2016-11-05,4152.0,,1468,,,,831.0,,,
2016-11-06,4197.0,,1472,,,,847.0,,,
2016-11-07,4239.0,,1484,,,,858.0,,,
2016-11-08,4266.0,,1487,,,,863.0,,,
2016-11-09,4296.0,,1491,,,,875.0,,,
2016-11-10,4347.0,,1493,,,,887.0,,,
2016-11-11,4385.0,,1497,,,,891.0,,,
2016-11-12,4419.0,,1501,,,,897.0,,,
2016-11-13,4447.0,,1510,,,,919.0,,,
2016-11-14,4501.0,,1512,,,,959.0,,,
2016-11-15,4530.0,,1520,,,,978.0,,,
2016-11-16,4577.0,,1523,,,,991.0,,,
2016-11-17,4733.0,,1532,,,,1005.0,,,
2016-11-18,4836.0,,1536,,,,1015.0,,,
2016-11-19,4936.0,,1542,,,,1025.0,,,
2016-11-20,5009.0,,1554,,,,1047.0,,,
2016-11-21,5077.0,,1566,,,,1059.0,,,
2016-11-22,5132.0,,1570,,,,1074.0,,,
2016-11-23,5179.0,,1575,,,,1081.0,,,
2016-11-24,5215.0,,1580,,,,1086.0,,,
2016-11-25,5252.0,,1582,,,,1089.0,,,
2016-11-26,5271.0,,1585,,,,1100.0,,,
2016-11-27,5311.0,,1591,,,,1112.0,,,
2016-11-28,5350.0,,1595,,,,1125.0,,,
2016-11-29,5386.0,,1600,,,,1142.0,,,
2016-11-30,5450.0,,1604,,,,1169.0,,,
2016-12-01,5378.0,,1502,,,,1121.0,,,
2016-12-02,5522.0,,1553,,,,1153.0,,,
2016-12-03,5602.0,,1581,,,,1172.0,,,
2016-12-04,5685.0,,1595,,,,1201.0,,,
2016-12-05,5765.0,,1609,,,,1218.0,,,
2016-12-06,5826.0,,1668,,,,1242.0,,,
2016-12-07,5881.0,,1692,,,,1260.0,,,
2016-12-08,5969.0,,1717,,,,1271.0,,,
2016-12-09,6125.0,,1737,,,,1283.0,,,
2016-12-10,6219.0,,1751,,,,1294.0,,,
2016-12-11,6280.0,,1762,,,,1311.0,,,
2016-12-12,6367.0,,1878,,,,1327.0,,,
2016-12-13,6424.0,,1890,,,,1342.0,,,
2016-12-14,6467.0,,1913,,,,1354.0,,,
2016-12-15,6523.0,,1962,,,,1372.0,,,
2016-12-16,,,1977,,,,1393.0,,,
2016-12-17,6707.0,,1979,,,,1395.0,,,
2016-12-18,6753.0,,1989,,,,1408.0,,,
2016-12-19,6787.0,,2000,,,,1420.0,,,
2016-12-20,6816.0,,2009,,,,1443.0,,,
2016-12-21,6854.0,,2011,,,,1459.0,,,
2016-12-22,6880.0,,2021,,,,1482.0,,,
2016-12-23,6911.0,,2029,,,,1503.0,,,
2016-12-24,6937.0,,2035,,,,1506.0,,,
2016-12-25,6957.0,,2037,,,,1544.0,,,
2016-12-26,6986.0,,2042,,,,1571.0,,,
2016-12-27,7029.0,,2047,,,,1586.0,,,
2016-12-28,7057.0,,2056,,,,1603.0,,,
2016-12-29,7078.0,,2065,,,,1616.0,,,
2016-12-30,7093.0,,2069,,,,1636.0,,,
2016-12-31,7104.0,,2086,,,,1641.0,,,
2017-01-01,6881.0,,1928,,,,1602.0,,,
2017-01-02,6950.0,,1955,,,,1632.0,,,
2017-01-03,6989.0,,1984,,,,1669.0,,,
2017-01-04,7067.0,,2076,,,,1696.0,,,
2017-01-05,7183.0,,2161,,,,1719.0,,,
2017-01-06,7255.0,,2200,,,,1743.0,,,
2017-01-07,7297.0,,2221,,,,1754.0,,,
2017-01-08,7341.0,,2238,,,,1774.0,,,
2017-01-09,7394.0,,2250,,,,1792.0,,,
2017-01-10,7457.0,,2264,,,,1802.0,,,
2017-01-11,7504.0,,2278,,,,1819.0,,,
2017-01-12,7538.0,,2288,,,,1827.0,,,
2017-01-13,7601.0,,2294,,,,1848.0,,,
2017-01-14,7709.0,,2298,,,,1861.0,,,
2017-01-15,7798.0,,2301,,,,1884.0,,,
2017-01-16,7844.0,,2312,,,,1912.0,,,
2017-01-17,7882.0,,2314,,,,1925.0,,,
2017-01-18,8029.0,,2322,,,,1934.0,,,
2017-01-19,8098.0,,2328,,,,1947.0,,,
2017-01-20,8196.0,,2342,,,,1963.0,,,
2017-01-21,8264.0,,2350,,,,1973.0,,,
2017-01-22,8342.0,,2361,,,,1989.0,,,
2017-01-23,8397.0,,2371,,,,2003.0,,,
2017-01-24,8473.0,,2378,,,,2016.0,,,
2017-01-25,8558.0,,2393,,,,2027.0,,,
2017-01-26,8635.0,,2407,,,,2037.0,,,
2017-01-27,8700.0,,2426,,,,2044.0,,,
2017-01-28,8739.0,,2443,,,,2052.0,,,
2017-01-29,8776.0,,2449,,,,2056.0,,,
2017-01-30,8826.0,,2454,,,,2069.0,,,
2017-01-31,8926.0,,2453,,,,2078.0,,,
2017-02-01,8717.0,,2350,,,,2001.0,,,
2017-02-02,8854.0,,2369,,,,2026.0,,,
2017-02-05,9109.0,,2414,,,,2101.0,,,
2017-02-06,9151.0,,2421,,,,2115.0,,,
2017-02-07,9180.0,,2431,,,,2132.0,,,
2017-02-08,9221.0,,2441,,,,2151.0,,,
2017-02-09,9311.0,,2451,,,,2162.0,,,
2017-02-10,9395.0,,2462,,,,2177.0,,,
2017-02-11,9454.0,,2487,,,,2194.0,,,
2017-02-12,9490.0,,2499,,,,2217.0,,,
2017-02-13,9524.0,,2538,,,,2237.0,,,
2017-02-14,9554.0,,2558,,,,2249.0,,,
2017-02-15,9638.0,,2578,,,,2269.0,,,
2017-02-16,9710.0,,2595,,,4991.0,2284.0,,,
2017-02-17,9769.0,,2634,,,5007.0,2291.0,,,
2017-02-18,9813.0,,2643,,,5146.0,2316.0,,,
2017-02-19,9846.0,,2661,,,5273.0,2340.0,,,
2017-02-20,9876.0,,2676,,,5410.0,2366.0,,,
2017-02-21,9913.0,,2689,,,5531.0,2377.0,,,
2017-02-22,9995.0,106.0,2710,,,5639.0,2391.0,,,
2017-02-23,10112.0,512.0,2739,,,5750.0,2403.0,,,
2017-02-24,10197.0,633.0,2775,,,5886.0,2411.0,,,
2017-02-25,10272.0,673.0,2790,,,5948.0,2423.0,,,
2017-02-26,10329.0,703.0,2803,,,6003.0,2433.0,,,
2017-02-27,10376.0,737.0,2814,,,6069.0,2448.0,,,
2017-02-28,10397.0,779.0,2821,,,6135.0,2452.0,,,
2017-03-01,10147.0,831.0,2721,,,6059.0,2367.0,,,
2017-03-02,10299.0,952.0,2751,,,6182.0,2403.0,,,
2017-03-03,10492.0,1000.0,2792,,,6269.0,2435.0,,,
2017-03-04,10573.0,1041.0,2801,,,6303.0,2450.0,,,
2017-03-05,10637.0,1071.0,2810,,,6336.0,2467.0,,,
2017-03-06,10688.0,1144.0,2832,,,6373.0,2505.0,,,
2017-03-07,10742.0,1420.0,2859,,,6414.0,2531.0,,,
2017-03-08,10785.0,1517.0,2939,,,6469.0,2550.0,,,
2017-03-09,10827.0,1591.0,2998,,,6567.0,2568.0,,,
2017-03-10,10890.0,1624.0,3046,,,6627.0,2575.0,,,
2017-03-11,10939.0,1647.0,3060,,,6645.0,2585.0,,,
2017-03-12,10993.0,1665.0,3072,,,6665.0,2608.0,,,
2017-03-13,11029.0,1691.0,3090,,,6701.0,2630.0,,,
2017-03-14,11080.0,1750.0,3102,,,6721.0,2640.0,,,
2017-03-15,11119.0,1780.0,3114,,,6747.0,2653.0,,,
2017-03-16,11142.0,1806.0,3136,,,6773.0,2668.0,,,
2017-03-17,11231.0,1825.0,3148,,,6803.0,2680.0,,,
2017-03-18,11280.0,1843.0,3159,,,6812.0,2696.0,,,
2017-03-19,11347.0,1855.0,3162,,,6828.0,2709.0,,,
2017-03-20,11416.0,1874.0,3176,,,6845.0,2712.0,,,
2017-03-21,11450.0,1910.0,3194,,,6870.0,2716.0,,,
2017-03-22,11473.0,1938.0,3205,,,6889.0,2724.0,,,
2017-03-23,11493.0,1965.0,3215,,,6913.0,2729.0,,,
2017-03-24,11527.0,1987.0,3236,,,6966.0,2734.0,,,
2017-03-25,11549.0,1998.0,3251,,,6992.0,2740.0,,,
2017-03-26,11582.0,2019.0,3262,,,7007.0,2746.0,,,
2017-03-27,11613.0,2037.0,3275,,,7026.0,2753.0,,,
2017-03-28,11626.0,2057.0,3287,,,7034.0,2763.0,,,
2017-03-29,11645.0,2070.0,3297,,,7047.0,2767.0,,,
2017-03-30,11670.0,2081.0,3305,,,7063.0,2769.0,,,
2017-03-31,11742.0,2084.0,3320,,,7085.0,2769.0,,,
2017-04-01,11426.0,2055.0,3191,,,6817.0,2654.0,,,
2017-04-02,11485.0,2062.0,3212,,,6850.0,2677.0,,,
2017-04-03,11561.0,2085.0,3230,,,6933.0,2721.0,,,
2017-04-04,11620.0,2106.0,3246,,,6980.0,2737.0,,,
2017-04-05,11677.0,2119.0,3266,,,7015.0,2750.0,,,
2017-04-06,11792.0,2132.0,3282,,,7058.0,2769.0,,,
2017-04-07,11925.0,2143.0,3332,,,7076.0,2779.0,,,
2017-04-08,11963.0,2149.0,3358,,,7093.0,2797.0,,,
2017-04-09,11989.0,2157.0,3375,,,7105.0,2807.0,,,
2017-04-10,12032.0,2159.0,3404,,,7121.0,2830.0,,,
2017-04-11,12062.0,2169.0,3423,,,7136.0,2844.0,,,
2017-04-12,12088.0,2179.0,3438,,,7147.0,2858.0,,,
2017-04-13,12145.0,2185.0,3453,,,7178.0,2869.0,,,
2017-04-14,12228.0,2192.0,3478,,,7200.0,2882.0,,,
2017-04-15,12273.0,2194.0,3501,,,7208.0,2896.0,,,
2017-04-16,12308.0,2198.0,3518,,,7217.0,2901.0,,,
2017-04-17,12347.0,2206.0,3539,,,7231.0,2915.0,,,
2017-04-18,12381.0,2221.0,3555,,,7248.0,2922.0,,,
2017-04-19,12488.0,2230.0,3586,,,7276.0,2935.0,,,
2017-04-20,12580.0,2234.0,3603,,,7300.0,2940.0,,,
2017-04-21,12636.0,2240.0,3618,,,7314.0,2962.0,,,
2017-04-22,12681.0,2248.0,3629,,,7322.0,2972.0,,,
2017-04-23,12718.0,2252.0,3636,,,7329.0,2997.0,,,
2017-04-24,12748.0,2258.0,3642,,,7343.0,3031.0,,,
2017-04-25,12783.0,2282.0,3661,,,7352.0,3049.0,,,
2017-04-26,12828.0,2305.0,3677,,,7367.0,3059.0,,,
2017-04-27,12867.0,2310.0,3686,,,7389.0,3067.0,,,
2017-04-28,12916.0,2314.0,3697,,,7406.0,3079.0,,,
2017-04-29,12953.0,2317.0,3705,,,7410.0,3091.0,,,
2017-04-30,12962.0,2325.0,3709,,,7416.0,3102.0,,,
2017-05-01,12602.0,2278.0,3557,,,7124.0,3012.0,,,
2017-05-02,12693.0,2302.0,3588,,,7213.0,3060.0,,,
2017-05-03,12759.0,2323.0,3609,,,7269.0,3079.0,,,
2017-05-04,12892.0,2331.0,3648,,,7325.0,3098.0,,,
2017-05-05,12975.0,2335.0,3673,,,7353.0,3116.0,,,
2017-05-06,13034.0,2342.0,3689,,,7364.0,3134.0,,,
2017-05-07,13076.0,2350.0,3696,,,7377.0,3146.0,,,
2017-05-08,13111.0,2357.0,3711,,,7408.0,3171.0,,,
2017-05-09,13154.0,2370.0,3731,,,7434.0,3179.0,,,
2017-05-10,13200.0,2377.0,3750,,,7457.0,3188.0,,,
2017-05-11,13251.0,2387.0,3759,,,7465.0,3200.0,,,
2017-05-12,13294.0,2394.0,3771,,,7483.0,3205.0,,,
2017-05-13,13331.0,2400.0,3785,,,7496.0,3213.0,,,
2017-05-14,13363.0,2408.0,3796,,,7501.0,3224.0,,,
2017-05-15,13385.0,2418.0,3802,,,7521.0,3238.0,,,
2017-05-16,13430.0,2446.0,3812,,,7537.0,3246.0,,,
2017-05-17,13458.0,2463.0,3824,,,7554.0,3257.0,,,
2017-05-18,13479.0,2481.0,3827,,,7565.0,3267.0,,,
2017-05-19,13516.0,2488.0,3844,,,7577.0,3285.0,,,
2017-05-20,13582.0,2497.0,3848,,,7589.0,3293.0,,,
2017-05-21,13635.0,2503.0,3861,,,7599.0,3305.0,,,
2017-05-22,13657.0,2509.0,3868,,,7621.0,3325.0,,,
2017-05-23,13670.0,2531.0,3876,,,7630.0,3341.0,,,
2017-05-24,13757.0,2546.0,3883,,,7641.0,3355.0,,,
2017-05-25,13839.0,2556.0,3896,,,7673.0,3367.0,,,
2017-05-26,13865.0,2561.0,3909,,,7688.0,3374.0,,,
2017-05-27,13881.0,2562.0,3921,,,7699.0,3381.0,,,
2017-05-28,13907.0,2567.0,3927,,,7707.0,3391.0,,,
2017-05-29,13921.0,2576.0,3931,,,7726.0,3402.0,,,
2017-05-30,13943.0,2581.0,3937,,,7739.0,3405.0,,,
2017-05-31,13962.0,2587.0,3941,,,7746.0,3412.0,,,
2017-06-01,13546.0,2521.0,3753,,,7458.0,3290.0,,,
2017-06-02,13627.0,2538.0,3804,,,7537.0,3328.0,,,
2017-06-03,13666.0,2545.0,3817,,,7561.0,3347.0,,,
2017-06-04,13695.0,2549.0,3824,,,7577.0,3363.0,,,
2017-06-05,13726.0,2562.0,3841,,,7596.0,3413.0,,,
2017-06-06,13768.0,2585.0,3852,,,7635.0,3437.0,,,
2017-06-07,13839.0,2609.0,3876,,,7666.0,3458.0,,,
2017-06-08,13938.0,2615.0,3887,,,7693.0,3478.0,,,
2017-06-09,14000.0,2629.0,3902,,,7718.0,3494.0,,,
2017-06-10,14043.0,2634.0,3912,,,7730.0,3508.0,,,
2017-06-11,14086.0,2641.0,3920,,,7740.0,3518.0,,,
2017-06-12,14117.0,2643.0,3924,,,7752.0,3538.0,,,
2017-06-13,14146.0,2659.0,3934,,,7765.0,3551.0,,,
2017-06-14,14244.0,2688.0,3940,,,7777.0,3565.0,,,
2017-06-15,14357.0,2708.0,3962,,,7802.0,3575.0,,,
2017-06-16,14418.0,2713.0,3963,,,7809.0,3582.0,,,
2017-06-17,14464.0,2717.0,3967,,,7816.0,3591.0,,,
2017-06-18,14517.0,2724.0,3976,,,7822.0,3600.0,,,
2017-06-19,14587.0,2735.0,3990,,,7834.0,3618.0,,,
2017-06-20,14616.0,2737.0,4013,,,7837.0,3624.0,,,
2017-06-21,14684.0,2748.0,4090,,,7837.0,3633.0,,,
2017-06-22,14756.0,2755.0,4122,,,7848.0,3651.0,,,
2017-06-23,14825.0,2760.0,4137,,,7865.0,3650.0,,,
2017-06-24,14859.0,2763.0,4145,,,7871.0,3654.0,,,
2017-06-25,14892.0,2765.0,4151,,,7874.0,3662.0,,,
2017-06-26,14922.0,2771.0,4156,,,7879.0,3671.0,,,
2017-06-27,14945.0,2775.0,4177,,,7876.0,3676.0,,,
2017-06-28,14983.0,2773.0,4193,,,7881.0,3680.0,,,
2017-06-29,15017.0,2777.0,4198,,,7883.0,3683.0,,,
2017-06-30,15082.0,2777.0,4205,,,7882.0,3680.0,,,
2017-07-01,14611.0,2711.0,4032,,,7559.0,3516.0,,,
2017-07-02,14724.0,2720.0,4049,,,7580.0,3548.0,,,
2017-07-03,14875.0,2739.0,4062,,,7638.0,3584.0,,,
2017-07-04,14969.0,2771.0,4093,,,7682.0,3606.0,,,
2017-07-05,15049.0,2796.0,4106,,,7715.0,3628.0,,,
2017-07-06,15232.0,2808.0,4119,,,7748.0,3667.0,,,
2017-07-07,15377.0,2820.0,4135,,,7776.0,3699.0,,,
2017-07-08,15454.0,2826.0,4140,,,7782.0,3714.0,,,
2017-07-09,15544.0,2838.0,4142,,,7789.0,3732.0,,,
2017-07-10,15580.0,2851.0,4150,,,7799.0,3754.0,,,
2017-07-11,15625.0,2862.0,4170,,,7807.0,3769.0,,,
2017-07-12,15690.0,2873.0,4178,,,7819.0,3785.0,,,
2017-07-13,15763.0,2881.0,4196,,,7832.0,3796.0,,,
2017-07-14,15820.0,2887.0,4209,,,7838.0,3807.0,,,
2017-07-15,15867.0,2900.0,4235,,,7860.0,3816.0,,,
2017-07-16,15906.0,2907.0,4250,,,7866.0,3830.0,,,
2017-07-17,15954.0,2911.0,4261,,,7873.0,3848.0,,,
2017-07-18,15995.0,2922.0,4265,,,7887.0,3865.0,,,
2017-07-19,16051.0,2927.0,4275,,,7897.0,3877.0,,,
2017-07-20,16115.0,2935.0,4285,,,7912.0,3889.0,,,
2017-07-21,16171.0,2936.0,4299,,,7919.0,3897.0,,,
2017-07-22,16230.0,2943.0,4305,,,7921.0,3906.0,,,
2017-07-23,16310.0,2946.0,4306,,,7928.0,3914.0,,,
2017-07-24,16353.0,2957.0,4309,,,7929.0,3926.0,,,
2017-07-25,16375.0,2966.0,4315,,,7934.0,3939.0,,,
2017-07-26,16418.0,2968.0,4322,,,7941.0,3956.0,,,
2017-07-27,16432.0,2976.0,4325,,,7960.0,3962.0,,,
2017-07-28,16472.0,2985.0,4338,,,7966.0,3970.0,,,
2017-07-29,16493.0,2990.0,4345,,,7968.0,3982.0,,,
2017-07-30,16520.0,2998.0,4347,,,7968.0,3987.0,,,
2017-07-31,16528.0,2996.0,4348,,,7974.0,3989.0,,,
2017-08-01,16001.0,2941.0,4157,,,7648.0,3841.0,,,
2017-08-02,16106.0,2970.0,4180,,,7722.0,3874.0,,,
2017-08-03,16202.0,2985.0,4204,,,7800.0,3900.0,,,
2017-08-04,16450.0,3002.0,4231,,,7842.0,3937.0,,,
2017-08-05,16604.0,3007.0,4248,,,7863.0,3967.0,,,
2017-08-06,16730.0,3019.0,4258,,,7872.0,3996.0,,,
2017-08-07,16880.0,3030.0,4269,,,7893.0,4030.0,,,
2017-08-08,16987.0,3047.0,4278,,,7927.0,4051.0,,,
2017-08-09,17082.0,3057.0,4286,,,7949.0,4062.0,,,
2017-08-10,17159.0,3069.0,4305,,,7976.0,4075.0,,,
2017-08-11,17234.0,3073.0,4314,,,7985.0,4085.0,,,
2017-08-12,17279.0,3084.0,4321,,,7987.0,4099.0,,,
2017-08-13,17337.0,3089.0,4330,,,8001.0,4114.0,,,
2017-08-14,17363.0,3101.0,4343,,,8005.0,4128.0,,,
2017-08-15,17400.0,3115.0,4363,,,8026.0,4143.0,,,
2017-08-16,17444.0,3121.0,4369,,,8042.0,4168.0,,,
2017-08-17,17506.0,3120.0,4381,,,8064.0,4177.0,,,
2017-08-18,17714.0,3124.0,4395,,,8084.0,4185.0,,,
2017-08-19,17743.0,3126.0,4403,,,8091.0,4192.0,,,
2017-08-20,17769.0,3126.0,4409,,,8095.0,4203.0,,,
2017-08-21,17783.0,3137.0,4421,,,8105.0,4215.0,,,
2017-08-22,17803.0,3147.0,4430,,,8115.0,4236.0,,,
2017-08-23,17840.0,3157.0,4440,,,8130.0,4246.0,,,
2017-08-24,17958.0,3163.0,4455,,,8138.0,4257.0,,,
2017-08-25,17998.0,3167.0,4459,,,8149.0,4262.0,,,
2017-08-26,18048.0,3171.0,4463,,,8158.0,4271.0,,,
2017-08-27,18087.0,3175.0,4468,,,8161.0,4276.0,,,
2017-08-28,18121.0,3188.0,4479,,,8176.0,4284.0,,,
2017-08-29,18168.0,3187.0,4485,,,8194.0,4299.0,,,
2017-08-30,18253.0,3187.0,4487,,,8210.0,4309.0,,,
2017-08-31,18314.0,3180.0,4491,,,8227.0,4319.0,,,
2017-09-01,17809.0,3116.0,4337,,,7889.0,4182.0,,,
2017-09-02,17875.0,3132.0,4350,,,7937.0,4211.0,,,
2017-09-03,17955.0,3144.0,4361,,,7959.0,4235.0,,,
2017-09-04,18052.0,3155.0,4374,,,8026.0,4253.0,,,
2017-09-05,18167.0,3180.0,4393,,,8061.0,4281.0,,,
2017-09-06,18238.0,3211.0,4413,,,8116.0,4296.0,,,
2017-09-07,18325.0,3226.0,4424,,,8150.0,4314.0,,,
2017-09-08,18400.0,3236.0,4434,,,8172.0,4338.0,,,
2017-09-09,18455.0,3243.0,4438,,,8182.0,4357.0,,,
2017-09-10,18493.0,3253.0,4451,,,8189.0,4373.0,,,
2017-09-11,18526.0,3259.0,4464,,,8200.0,4403.0,,,
2017-09-12,18564.0,3268.0,4473,,,8209.0,4420.0,,,
2017-09-13,18601.0,3269.0,4488,,,8236.0,4441.0,,,
2017-09-14,18632.0,3270.0,4496,,,8260.0,4440.0,,,
2017-09-15,18737.0,3283.0,4511,,,8304.0,4458.0,,,
2017-09-16,18817.0,3286.0,4523,,,8318.0,4475.0,,,
2017-09-17,18874.0,3289.0,4534,,,8326.0,4499.0,,,
2017-09-18,18914.0,3296.0,4538,,,8332.0,4508.0,,,
2017-09-19,18952.0,3309.0,4540,,,8343.0,4519.0,,,
2017-09-20,18977.0,3314.0,4540,,,8348.0,4533.0,,,
2017-09-21,19050.0,3319.0,4543,,,8370.0,4542.0,,,
2017-09-22,19127.0,3318.0,4553,,,8380.0,4552.0,,,
2017-09-23,19178.0,3324.0,4557,,,8387.0,4564.0,,,
2017-09-24,19229.0,3332.0,4561,,,8388.0,4570.0,,,
2017-09-25,19248.0,3342.0,4558,,,8392.0,4585.0,,,
2017-09-26,19294.0,3347.0,4554,,,8410.0,4603.0,,,
2017-09-27,19320.0,3345.0,4567,,,8428.0,4613.0,,,
2017-09-28,19386.0,3347.0,4582,,,8443.0,4620.0,,,
2017-09-29,19463.0,3357.0,4587,,,8454.0,4620.0,,,
2017-09-30,19493.0,3350.0,4586,,,8455.0,4621.0,,,
2017-10-01,18867.0,3277.0,4392,,,8077.0,4444.0,,,
2017-10-02,18986.0,3285.0,4422,,,8165.0,4493.0,,,
2017-10-03,19091.0,3302.0,4429,,,8236.0,4537.0,,,
2017-10-04,19186.0,3320.0,4456,,,8310.0,4577.0,,,
2017-10-05,19329.0,3324.0,4477,,,8351.0,4589.0,,,
2017-10-06,19432.0,3336.0,4508,,,8370.0,4603.0,,,
2017-10-07,19499.0,3346.0,4513,,,8378.0,4618.0,,,
2017-10-08,19546.0,3351.0,4519,,,8389.0,4639.0,,,
2017-10-09,19610.0,3353.0,4528,,,8424.0,4669.0,,,
2017-10-10,19647.0,3363.0,4537,,,8549.0,4682.0,,,
2017-10-11,19695.0,3361.0,4550,,,8589.0,4707.0,,,
2017-10-12,19572.0,3363.0,4560,,,8621.0,4707.0,,,
2017-10-13,19575.0,3363.0,4581,,,8640.0,4712.0,,,
2017-10-14,19569.0,3371.0,4586,,,8646.0,4722.0,,,
2017-10-15,19585.0,3374.0,4600,,,8662.0,4733.0,,,
2017-10-16,19583.0,3386.0,4607,,,8670.0,4754.0,,,
2017-10-17,19554.0,3421.0,4609,,,8682.0,4770.0,,,
2017-10-18,19513.0,3442.0,4612,,,8694.0,4777.0,,,
2017-10-19,19492.0,3449.0,4625,,,8720.0,4771.0,,,
2017-10-20,19500.0,3456.0,4640,,,8735.0,4771.0,,,
2017-10-21,19524.0,3464.0,4658,,,8749.0,4771.0,,,
2017-10-22,19554.0,3474.0,4676,,,8756.0,4780.0,,,
2017-10-23,19544.0,3480.0,4689,,,8761.0,4795.0,,,
2017-10-24,19533.0,3489.0,4713,,,8772.0,4805.0,,,
2017-10-25,19536.0,3501.0,4733,,,8777.0,4822.0,,,
2017-10-26,19530.0,3505.0,4747,,,8785.0,4836.0,,,
2017-10-27,19541.0,3510.0,4760,,,8795.0,4848.0,,,
2017-10-28,19539.0,3514.0,4773,,,8801.0,4858.0,,,
2017-10-29,19535.0,3513.0,4779,,,8804.0,4866.0,,,
2017-10-30,19540.0,3514.0,4785,,,8815.0,4888.0,,,
2017-10-31,19526.0,3506.0,4796,,,8820.0,4896.0,,,
2017-11-01,18901.0,3418.0,4567,,,8374.0,4728.0,,,
2017-11-02,19032.0,3438.0,4604,,,8500.0,4756.0,,,
2017-11-03,19134.0,3452.0,4639,,,8556.0,4783.0,,,
2017-11-04,19242.0,3458.0,4668,,,8578.0,4799.0,,,
2017-11-05,19355.0,3466.0,4688,,,8599.0,4820.0,,,
2017-11-06,19433.0,3474.0,4700,,,8622.0,4853.0,,,
2017-11-07,19468.0,3519.0,4717,,,8656.0,4872.0,,,
2017-11-08,19529.0,3537.0,4740,,,8681.0,4892.0,,,
2017-11-09,19599.0,3547.0,4754,,,8716.0,4910.0,,,
2017-11-10,19725.0,3557.0,4769,,,8742.0,4931.0,,,
2017-11-11,19828.0,3564.0,4777,,,8767.0,4942.0,,,
2017-11-12,19907.0,3570.0,4781,,,8787.0,4959.0,,,
2017-11-13,19946.0,3575.0,4789,,,8801.0,5009.0,,,
2017-11-14,19989.0,3596.0,4800,,,8817.0,5038.0,,,
2017-11-15,20032.0,3612.0,4819,,,8850.0,5072.0,,,
2017-11-16,20061.0,3617.0,4829,,,8867.0,5093.0,,,
2017-11-17,20100.0,3621.0,4836,,,8881.0,5121.0,,,
2017-11-18,20127.0,3624.0,4839,,,8887.0,5132.0,,,
2017-11-19,20161.0,3632.0,4849,,,8896.0,5144.0,,,
2017-11-20,20186.0,3636.0,4855,,,8897.0,5163.0,,,
2017-11-21,20197.0,3651.0,4863,,,8901.0,5180.0,,,
2017-11-22,20195.0,3661.0,4873,,,8909.0,5202.0,,,
2017-11-23,20196.0,3678.0,4881,,,8914.0,5209.0,,,
2017-11-24,20192.0,3682.0,4883,,,8913.0,5217.0,,,
2017-11-25,20195.0,3686.0,4895,,,8922.0,5230.0,,,
2017-11-26,20185.0,3693.0,4894,,,8922.0,5245.0,,,
2017-11-27,20174.0,3702.0,4903,,,8922.0,5265.0,,,
2017-11-28,20170.0,3703.0,4910,,,8929.0,5283.0,,,
2017-11-29,20144.0,3712.0,4908,,,8931.0,5286.0,,,
2017-11-30,20130.0,3712.0,4904,,,8929.0,5276.0,,,
2017-12-01,19553.0,3629.0,4699,,,8581.0,5100.0,,,
2017-12-02,19631.0,3640.0,4716,,,8606.0,5127.0,,,
2017-12-03,19700.0,3650.0,4727,,,8630.0,5158.0,,,
2017-12-04,19758.0,3662.0,4734,,,8702.0,5210.0,,,
2017-12-05,19791.0,3695.0,4745,,,8762.0,5241.0,,,
2017-12-06,19830.0,3710.0,4750,,,8800.0,5271.0,,,
2017-12-07,19777.0,3711.0,4735,,,8831.0,5277.0,,,
2017-12-08,19775.0,3716.0,4724,,,8841.0,5285.0,,,
2017-12-09,19797.0,3718.0,4725,,,8846.0,5300.0,,,
2017-12-10,19819.0,3718.0,4728,,,8857.0,5319.0,,,
2017-12-11,19828.0,3715.0,4732,,,8872.0,5341.0,,,
2017-12-12,19850.0,3716.0,4728,,,8880.0,5353.0,,,
2017-12-13,19919.0,3724.0,4750,,,8889.0,5374.0,,,
2017-12-14,19981.0,3724.0,4759,,,8897.0,5418.0,,,
2017-12-15,20157.0,3728.0,4789,,,8925.0,5475.0,,,
2017-12-16,20214.0,3733.0,4803,,,8928.0,5511.0,,,
2017-12-17,20247.0,3741.0,4815,,,8930.0,5549.0,,,
2017-12-18,20277.0,3754.0,4830,,,8936.0,5590.0,,,
2017-12-19,20312.0,3830.0,4842,,,8945.0,5634.0,,,
2017-12-20,20352.0,3891.0,4853,,,8952.0,5668.0,,,
2017-12-21,20366.0,3916.0,4858,,,8964.0,5698.0,,,
2017-12-22,20448.0,3933.0,4868,,,8973.0,5732.0,,,
2017-12-23,20496.0,3949.0,4878,,,8979.0,5759.0,,,
2017-12-24,20529.0,3972.0,4887,,,8994.0,5774.0,,,
2017-12-25,20546.0,3986.0,4891,,,9001.0,5788.0,,,
2017-12-26,20552.0,3999.0,4894,,,9001.0,5806.0,,,
2017-12-27,20566.0,4001.0,4898,,,9005.0,5815.0,,,
2017-12-28,20610.0,4012.0,4902,,,9013.0,5828.0,,,
2017-12-29,20647.0,4015.0,4905,,,9016.0,5838.0,,,
2017-12-30,20657.0,4021.0,4907,,,9016.0,5852.0,,,
2017-12-31,20656.0,4028.0,4915,,,9018.0,5855.0,,,
2018-01-01,19965.0,3936.0,4707,,,8656.0,5653.0,,,
2018-01-02,20074.0,4005.0,4740,,,8750.0,5704.0,,,
2018-01-03,20157.0,4042.0,4769,,,8829.0,5749.0,,,
2018-01-04,20253.0,4118.0,4791,,,8914.0,5781.0,,,
2018-01-05,20381.0,4147.0,4814,,,8970.0,5812.0,,,
2018-01-06,20438.0,4165.0,4826,,,8987.0,5845.0,,,
2018-01-07,20444.0,4183.0,4843,,,8998.0,5871.0,,,
2018-01-08,20454.0,4223.0,4856,,,9012.0,5914.0,,,
2018-01-09,20486.0,4286.0,4867,,,9026.0,5952.0,,,
2018-01-10,20513.0,4305.0,4889,,,9049.0,5993.0,,,
2018-01-11,20538.0,4327.0,4909,,,9071.0,6020.0,,,
2018-01-12,20552.0,4342.0,4940,,,9082.0,6033.0,,,
2018-01-13,20587.0,4355.0,4955,,,9092.0,6053.0,,,
2018-01-14,20610.0,4366.0,4962,,,9094.0,6077.0,,,
2018-01-15,20630.0,4381.0,4987,,,9122.0,6100.0,,,
2018-01-16,20643.0,4394.0,5002,,,9136.0,6118.0,,,
2018-01-17,20676.0,4410.0,5016,,,9158.0,6131.0,,,
2018-01-18,20702.0,4428.0,5031,,,9204.0,6159.0,,,
2018-01-19,20716.0,4439.0,5051,,,9235.0,6185.0,,,
2018-01-20,20728.0,4448.0,5061,,,9243.0,6204.0,,,
2018-01-21,20743.0,4459.0,5069,,,9255.0,6221.0,,,
2018-01-22,20759.0,4474.0,5082,,,9266.0,6234.0,,,2325.0
2018-01-23,20766.0,4483.0,5085,,,9275.0,6254.0,,,2327.0
2018-01-24,20784.0,4488.0,5089,,,9280.0,6279.0,,,2335.0
2018-01-25,20806.0,4498.0,5097,,,9291.0,6301.0,,,2343.0
2018-01-26,20816.0,4505.0,5111,,,9297.0,6332.0,,,2360.0
2018-01-27,20825.0,4508.0,5117,,,9297.0,6356.0,,,2367.0
2018-01-28,20842.0,4509.0,5127,,,9305.0,6381.0,,,2372.0
2018-01-29,20837.0,4515.0,5125,,,9304.0,6390.0,,,2369.0
2018-01-30,20843.0,4512.0,5139,,,9309.0,6392.0,81.0,,2371.0
2018-01-31,20816.0,4505.0,5140,9.0,,9317.0,6390.0,91.0,,2369.0
2018-02-01,20172.0,4378.0,4932,9.0,,9031.0,6170.0,132.0,,2215.0
2018-02-02,20273.0,4402.0,4977,9.0,,9114.0,6205.0,144.0,,2245.0
2018-02-03,20320.0,4412.0,4989,9.0,,9141.0,6226.0,149.0,,2260.0
2018-02-04,20368.0,4423.0,4999,9.0,,9161.0,6271.0,153.0,,2273.0
2018-02-05,20493.0,4445.0,5012,9.0,,9192.0,6302.0,156.0,,2286.0
2018-02-06,20560.0,4477.0,5023,10.0,,9228.0,6348.0,206.0,,2295.0
2018-02-07,20633.0,4495.0,5025,10.0,,9248.0,6371.0,234.0,,2305.0
2018-02-08,20766.0,4518.0,5041,11.0,,9268.0,6407.0,252.0,,2316.0
2018-02-09,20818.0,4530.0,5033,11.0,,9281.0,6438.0,274.0,,2333.0
2018-02-10,20848.0,4541.0,5038,11.0,,9284.0,6448.0,285.0,,2339.0
2018-02-11,20911.0,4559.0,5069,11.0,,9304.0,6485.0,288.0,,2368.0
2018-02-12,20954.0,4573.0,5086,11.0,,9306.0,6503.0,314.0,,2391.0
2018-02-13,20989.0,4585.0,5104,11.0,,9311.0,6518.0,354.0,,2403.0
2018-02-14,21010.0,4603.0,5120,11.0,,9319.0,6536.0,379.0,,2420.0
2018-02-15,21047.0,4624.0,5135,11.0,,9338.0,6553.0,398.0,,2431.0
2018-02-16,21099.0,4639.0,5176,11.0,,9356.0,6578.0,411.0,,2449.0
2018-02-17,21127.0,4648.0,5231,11.0,,9365.0,6593.0,418.0,,2455.0
2018-02-18,21150.0,4661.0,5266,12.0,,9367.0,6605.0,431.0,,2461.0
2018-02-19,21190.0,4679.0,5290,13.0,,9374.0,6625.0,437.0,,2472.0
2018-02-20,21226.0,4706.0,5315,13.0,,9382.0,6647.0,447.0,,2479.0
2018-02-21,21244.0,4716.0,5333,14.0,,9399.0,6656.0,453.0,,2484.0
2018-02-22,21280.0,4722.0,5345,15.0,,9410.0,6677.0,457.0,,2491.0
2018-02-23,21330.0,4728.0,5360,16.0,,9417.0,6681.0,458.0,,2502.0
2018-02-24,21385.0,4742.0,5376,16.0,,9419.0,6695.0,460.0,,2515.0
2018-02-25,21439.0,4749.0,5381,17.0,,9426.0,6706.0,461.0,,2521.0
2018-02-26,21440.0,4763.0,5399,20.0,,9430.0,6718.0,463.0,,2522.0
2018-02-27,21462.0,4775.0,5428,22.0,,9430.0,6743.0,474.0,,2528.0
2018-02-28,21492.0,4773.0,5443,33.0,,9428.0,6750.0,476.0,,2533.0
2018-03-01,20972.0,4672.0,5259,38.0,,9085.0,6547.0,473.0,,2371.0
2018-03-02,21142.0,4701.0,5308,42.0,,9155.0,6600.0,474.0,,2422.0
2018-03-03,21227.0,4719.0,5336,44.0,,9185.0,6631.0,480.0,,2440.0
2018-03-04,21282.0,4733.0,5368,47.0,,9199.0,6657.0,480.0,,2454.0
2018-03-05,21348.0,4755.0,5400,56.0,,9243.0,6691.0,481.0,,2461.0
2018-03-06,21411.0,4812.0,5445,62.0,,9283.0,6727.0,503.0,,2485.0
2018-03-07,21468.0,4861.0,5478,74.0,,9312.0,6744.0,514.0,,2489.0
2018-03-08,21543.0,4895.0,5504,78.0,,9336.0,6766.0,525.0,,2499.0
2018-03-09,21615.0,4915.0,5536,83.0,,9355.0,6792.0,534.0,,2514.0
2018-03-10,21641.0,4929.0,5559,85.0,,9358.0,6805.0,537.0,,2519.0
2018-03-11,21672.0,4943.0,5580,93.0,,9365.0,6816.0,543.0,,2524.0
2018-03-12,21681.0,4960.0,5598,103.0,,9378.0,6838.0,549.0,,2529.0
2018-03-13,21691.0,4986.0,5621,114.0,,9401.0,6844.0,565.0,,2533.0
2018-03-14,21710.0,4998.0,5635,119.0,,9448.0,6853.0,579.0,,2547.0
2018-03-15,21758.0,5030.0,5649,126.0,,9479.0,6869.0,587.0,,2549.0
2018-03-16,21778.0,5044.0,5673,131.0,,9516.0,6882.0,592.0,,2559.0
2018-03-17,21798.0,5052.0,5699,136.0,,9518.0,6887.0,595.0,,2562.0
2018-03-18,21844.0,5069.0,5719,140.0,,9528.0,6899.0,601.0,,2572.0
2018-03-19,21864.0,5086.0,5726,145.0,,9546.0,6914.0,605.0,,2582.0
2018-03-20,21862.0,5112.0,5753,150.0,,9603.0,6932.0,629.0,,2585.0
2018-03-21,21859.0,5138.0,5783,158.0,,9652.0,6940.0,645.0,,2597.0
2018-03-22,21867.0,5156.0,5809,160.0,,9693.0,6964.0,662.0,,2601.0
2018-03-23,21871.0,5169.0,5823,161.0,,9732.0,6977.0,671.0,,2609.0
2018-03-24,21890.0,5180.0,5834,163.0,,9753.0,6985.0,674.0,,2620.0
2018-03-25,21909.0,5188.0,5853,166.0,,9776.0,6993.0,679.0,,2627.0
2018-03-26,21911.0,5193.0,5885,166.0,,9787.0,7005.0,690.0,,2635.0
2018-03-27,21919.0,5200.0,5920,167.0,,9794.0,7012.0,705.0,,2639.0
2018-03-28,21920.0,5208.0,5945,169.0,,9807.0,7024.0,708.0,,2651.0
2018-03-29,21954.0,5208.0,5963,170.0,,9847.0,7025.0,717.0,,2657.0
2018-03-30,21968.0,5207.0,5983,172.0,,9898.0,7023.0,720.0,,2676.0
2018-03-31,21964.0,5203.0,6001,175.0,,9918.0,7022.0,724.0,,2694.0
2018-04-01,21344.0,5108.0,5841,175.0,,9579.0,6793.0,703.0,,2543.0
2018-04-02,21328.0,5114.0,5822,178.0,,9589.0,6809.0,708.0,,2541.0
2018-04-03,21412.0,5157.0,5853,183.0,,9712.0,6864.0,716.0,,2576.0
2018-04-04,21470.0,5171.0,5896,185.0,,9781.0,6890.0,735.0,,2595.0
2018-04-05,21518.0,5183.0,5923,189.0,,9847.0,6922.0,767.0,,2619.0
2018-04-06,21655.0,5195.0,5955,190.0,,9878.0,6953.0,785.0,,2663.0
2018-04-07,21738.0,5203.0,5998,191.0,,9894.0,6985.0,791.0,,2676.0
2018-04-08,21788.0,5210.0,6027,190.0,,9906.0,7012.0,798.0,,2679.0
2018-04-09,21817.0,5217.0,6055,203.0,,9926.0,7040.0,827.0,,2693.0
2018-04-10,21847.0,5229.0,6082,218.0,,9950.0,7063.0,906.0,,2702.0
2018-04-11,21845.0,5240.0,6112,223.0,,9970.0,7075.0,936.0,,2713.0
2018-04-12,21926.0,5242.0,6136,225.0,,10000.0,7096.0,966.0,,2727.0
2018-04-13,21996.0,5244.0,6154,229.0,,10021.0,7107.0,985.0,,2759.0
2018-04-14,22022.0,5254.0,6167,233.0,,10039.0,7116.0,1005.0,,2772.0
2018-04-15,22070.0,5265.0,6194,238.0,,10065.0,7139.0,1022.0,,2778.0
2018-04-16,22091.0,5270.0,6218,246.0,,10084.0,7159.0,1034.0,,2789.0
2018-04-17,22103.0,5290.0,6239,251.0,,10097.0,7175.0,1093.0,,2801.0
2018-04-18,22104.0,5298.0,6265,259.0,,10099.0,7182.0,1122.0,,2813.0
2018-04-19,22144.0,5310.0,6304,262.0,,10112.0,7177.0,1143.0,,2821.0
2018-04-20,22196.0,5317.0,6327,265.0,,10191.0,7186.0,1158.0,,2832.0
2018-04-21,22221.0,5321.0,6341,269.0,,10197.0,7193.0,1167.0,,2843.0
2018-04-22,22243.0,5329.0,6359,274.0,,10207.0,7203.0,1176.0,,2854.0
2018-04-23,22239.0,5338.0,6419,285.0,,10215.0,7209.0,1183.0,,2862.0
2018-04-24,22250.0,5344.0,6463,287.0,,10219.0,7225.0,1220.0,,2868.0
2018-04-25,22245.0,5349.0,6500,290.0,,10240.0,7235.0,1258.0,,2868.0
2018-04-26,22245.0,5350.0,6519,292.0,,10257.0,7234.0,1276.0,,2872.0
2018-04-27,22245.0,5358.0,6537,293.0,,10263.0,7234.0,1294.0,,2877.0
2018-04-28,22246.0,5362.0,6550,294.0,,10261.0,7239.0,1304.0,,2883.0
2018-04-29,22244.0,5361.0,6564,294.0,,10263.0,7244.0,1317.0,,2890.0
2018-04-30,22220.0,5362.0,6575,296.0,,10259.0,7251.0,1323.0,,2894.0
2018-05-01,21585.0,5227.0,6355,298.0,,9898.0,7009.0,1281.0,,2726.0
2018-05-02,21618.0,5253.0,6461,300.0,,9988.0,7040.0,1306.0,,2708.0
2018-05-03,21715.0,5279.0,6534,300.0,,10077.0,7083.0,1330.0,,2726.0
2018-05-04,21820.0,5290.0,6576,300.0,,10126.0,7124.0,1348.0,,2758.0
2018-05-05,21847.0,5300.0,6596,301.0,,10146.0,7137.0,1357.0,,2775.0
2018-05-06,21899.0,5309.0,6608,303.0,,10157.0,7169.0,1371.0,,2793.0
2018-05-07,21924.0,5323.0,6633,306.0,,10175.0,7209.0,1387.0,,2800.0
2018-05-08,21953.0,5345.0,6677,309.0,,10203.0,7235.0,1424.0,,2810.0
2018-05-09,21980.0,5356.0,6700,311.0,,10221.0,7249.0,1444.0,,2827.0
2018-05-10,22040.0,5364.0,6730,315.0,,10240.0,7267.0,1458.0,,2844.0
2018-05-11,22094.0,5374.0,6746,320.0,,10255.0,7285.0,1474.0,,2871.0
2018-05-12,22108.0,5378.0,6769,321.0,809.0,10262.0,7304.0,1485.0,,2899.0
2018-05-13,22124.0,5385.0,6797,324.0,838.0,10270.0,7328.0,1489.0,,2921.0
2018-05-14,22133.0,5386.0,6830,327.0,900.0,10276.0,7354.0,1503.0,,2931.0
2018-05-15,22162.0,5411.0,6883,330.0,953.0,10295.0,7378.0,1537.0,,2944.0
2018-05-16,22169.0,5428.0,6915,334.0,996.0,10311.0,7398.0,1567.0,,2952.0
2018-05-17,22182.0,5425.0,6932,337.0,1078.0,10315.0,7404.0,1573.0,,2959.0
2018-05-18,22234.0,5429.0,6967,341.0,1155.0,10323.0,7417.0,1595.0,,2963.0
2018-05-19,22258.0,5432.0,6987,342.0,1197.0,10328.0,7428.0,1612.0,,2974.0
2018-05-20,22288.0,5437.0,7003,344.0,1242.0,10330.0,7445.0,1624.0,,2979.0
2018-05-21,22299.0,5443.0,7016,359.0,1284.0,10333.0,7471.0,1633.0,,2989.0
2018-05-22,22315.0,5463.0,7043,374.0,1316.0,10344.0,7487.0,1675.0,,2997.0
2018-05-23,22314.0,5470.0,7057,381.0,1363.0,10357.0,7503.0,1694.0,,3013.0
2018-05-24,22337.0,5476.0,7105,385.0,1417.0,10370.0,7504.0,1719.0,,3013.0
2018-05-25,22346.0,5486.0,7150,390.0,1463.0,10384.0,7513.0,1737.0,,3029.0
2018-05-26,22349.0,5493.0,7179,393.0,1487.0,10389.0,7515.0,1743.0,,3028.0
2018-05-27,22365.0,5493.0,7193,397.0,1509.0,10396.0,7516.0,1749.0,,3029.0
2018-05-28,22359.0,5500.0,7225,402.0,1528.0,10395.0,7531.0,1759.0,,3038.0
2018-05-29,22342.0,5511.0,7263,409.0,1549.0,10402.0,7545.0,1797.0,,3047.0
2018-05-30,22324.0,5517.0,7277,417.0,1562.0,10404.0,7552.0,1822.0,,3047.0
2018-05-31,22288.0,5519.0,7297,421.0,1580.0,10408.0,7555.0,1832.0,,3049.0
2018-06-01,21565.0,5370.0,7046,414.0,1593.0,9866.0,7237.0,1783.0,,2843.0
2018-06-02,21700.0,5413.0,7119,417.0,1614.0,10075.0,7304.0,1817.0,,2911.0
2018-06-03,21765.0,5437.0,7154,420.0,1633.0,10112.0,7349.0,1829.0,,2932.0
2018-06-04,21805.0,5455.0,7236,425.0,1655.0,10153.0,7396.0,1851.0,,2963.0
2018-06-05,21828.0,5500.0,7312,431.0,1676.0,10254.0,7427.0,1876.0,,2990.0
2018-06-06,21859.0,5520.0,7386,437.0,1694.0,10312.0,7461.0,1894.0,,3014.0
2018-06-07,21885.0,5535.0,7437,441.0,1830.0,10364.0,7482.0,1914.0,,3024.0
2018-06-08,21930.0,5548.0,7479,444.0,1933.0,10393.0,7497.0,1938.0,,3054.0
2018-06-09,21954.0,5555.0,7512,452.0,1974.0,10413.0,7511.0,1949.0,,3070.0
2018-06-10,21962.0,5560.0,7542,453.0,2018.0,10431.0,7533.0,1959.0,,3085.0
2018-06-11,21960.0,5574.0,7556,463.0,2047.0,10477.0,7547.0,1974.0,,3100.0
2018-06-12,21964.0,5600.0,7575,466.0,2074.0,10511.0,7561.0,2007.0,,3115.0
2018-06-13,21968.0,5616.0,7601,474.0,2105.0,10607.0,7579.0,2032.0,,3132.0
2018-06-14,21981.0,5624.0,7608,478.0,2150.0,10686.0,7597.0,2042.0,,3149.0
2018-06-15,22051.0,5638.0,7653,483.0,2188.0,10749.0,7628.0,2064.0,,3181.0
2018-06-16,22095.0,5651.0,7664,483.0,2212.0,10774.0,7651.0,2073.0,,3193.0
2018-06-17,22136.0,5658.0,7675,490.0,2237.0,10801.0,7666.0,2076.0,,3207.0
2018-06-18,22152.0,5668.0,7692,504.0,2258.0,10829.0,7692.0,2088.0,,3229.0
2018-06-19,22180.0,5689.0,7708,514.0,2272.0,10865.0,7718.0,2111.0,,3256.0
2018-06-20,22196.0,5699.0,7722,520.0,2290.0,10890.0,7734.0,2132.0,,3274.0
2018-06-21,22251.0,5713.0,7732,523.0,2325.0,10904.0,7756.0,2158.0,,3294.0
2018-06-22,22351.0,5722.0,7746,531.0,2364.0,10929.0,7769.0,2176.0,,3347.0
2018-06-23,22391.0,5728.0,7762,532.0,2377.0,10941.0,7781.0,2180.0,,3375.0
2018-06-24,22431.0,5740.0,7773,536.0,2405.0,10953.0,7792.0,2185.0,,3390.0
2018-06-25,22452.0,5748.0,7785,541.0,2423.0,10964.0,7806.0,2194.0,,3427.0
2018-06-26,22466.0,5753.0,7793,546.0,2438.0,10979.0,7816.0,2212.0,,3451.0
2018-06-27,22491.0,5757.0,7805,548.0,2449.0,10995.0,7829.0,2231.0,,3468.0
2018-06-28,22526.0,5763.0,7818,550.0,2458.0,11003.0,7834.0,2251.0,,3474.0
2018-06-29,22569.0,5763.0,7825,554.0,2474.0,11015.0,7836.0,2280.0,,3506.0
2018-06-30,22587.0,5758.0,7833,558.0,2495.0,11023.0,7836.0,2296.0,,3519.0
2018-07-01,21900.0,5621.0,7583,553.0,2457.0,10671.0,7536.0,2275.0,,3310.0
2018-07-02,21859.0,5614.0,7547,564.0,2477.0,10683.0,7530.0,2302.0,,3316.0
2018-07-03,21961.0,5644.0,7595,572.0,2504.0,10793.0,7576.0,2358.0,,3354.0
2018-07-04,22026.0,5658.0,7628,575.0,2517.0,10885.0,7607.0,2379.0,,3382.0
2018-07-05,22104.0,5673.0,7653,586.0,2548.0,10950.0,7659.0,2409.0,,3411.0
2018-07-06,22354.0,5692.0,7702,589.0,2586.0,10987.0,7680.0,2437.0,,3482.0
2018-07-07,22459.0,5705.0,7728,589.0,2605.0,11003.0,7701.0,2450.0,5010.0,3513.0
2018-07-08,22548.0,5714.0,7755,593.0,2628.0,11022.0,7722.0,2465.0,5052.0,3550.0
2018-07-09,22640.0,5730.0,7783,599.0,2645.0,11027.0,7763.0,2476.0,5127.0,3564.0
2018-07-10,22684.0,5763.0,7806,602.0,2671.0,11039.0,7792.0,2534.0,5213.0,3582.0
2018-07-11,22738.0,5780.0,7830,604.0,2686.0,11048.0,7812.0,2586.0,5337.0,3599.0
2018-07-12,22786.0,5785.0,7853,606.0,2710.0,11069.0,7824.0,2608.0,5432.0,3613.0
2018-07-13,22831.0,5791.0,7886,608.0,2729.0,11083.0,7842.0,2659.0,5513.0,3637.0
2018-07-14,22868.0,5793.0,7897,609.0,2740.0,11083.0,7848.0,2678.0,5586.0,3647.0
2018-07-15,22935.0,5808.0,7934,613.0,2751.0,11090.0,7885.0,2696.0,5665.0,3673.0
2018-07-16,22966.0,5814.0,7954,614.0,2766.0,11087.0,7910.0,2724.0,5714.0,3698.0
2018-07-17,22984.0,5821.0,7973,627.0,2776.0,11082.0,7933.0,2791.0,5767.0,3713.0
2018-07-18,22995.0,5832.0,7984,640.0,2784.0,11069.0,7959.0,2848.0,5830.0,3728.0
2018-07-19,23013.0,5842.0,8007,649.0,2801.0,11073.0,7993.0,2898.0,5879.0,3744.0
2018-07-20,23031.0,5852.0,8022,651.0,2820.0,11069.0,8011.0,2928.0,5928.0,3770.0
2018-07-21,23038.0,5853.0,8035,653.0,2831.0,11080.0,8029.0,2943.0,5969.0,3796.0
2018-07-22,23052.0,5862.0,8046,657.0,2841.0,11078.0,8047.0,2964.0,6018.0,3818.0
2018-07-23,23079.0,5873.0,8049,680.0,2854.0,11074.0,8077.0,2993.0,6044.0,3845.0
2018-07-24,23084.0,5892.0,8064,686.0,2864.0,11072.0,8098.0,3043.0,6072.0,3863.0
2018-07-25,23114.0,5895.0,8080,692.0,2879.0,11066.0,8114.0,3075.0,6104.0,3882.0
2018-07-26,23126.0,5903.0,8093,701.0,2890.0,11063.0,8124.0,3101.0,6149.0,3896.0
2018-07-27,23136.0,5918.0,8104,708.0,2903.0,11058.0,8131.0,3128.0,6182.0,3927.0
2018-07-28,23154.0,5923.0,8113,721.0,2914.0,11060.0,8142.0,3137.0,6213.0,3943.0
2018-07-29,23165.0,5925.0,8115,731.0,2925.0,11047.0,8144.0,3148.0,6242.0,3948.0
2018-07-30,23165.0,5945.0,8111,764.0,2940.0,11035.0,8157.0,3155.0,6267.0,3958.0
2018-07-31,23133.0,5949.0,8110,770.0,2943.0,11031.0,8163.0,3166.0,6279.0,3963.0
2018-08-01,22150.0,5807.0,7820,729.0,2882.0,10710.0,7292.0,3157.0,6120.0,3776.0
2018-08-02,22501.0,5826.0,7789,763.0,2888.0,10628.0,7880.0,3177.0,6121.0,3687.0
2018-08-03,22681.0,5853.0,7852,772.0,2940.0,10707.0,7948.0,3228.0,6184.0,3773.0
2018-08-04,22761.0,5860.0,7874,777.0,2982.0,10728.0,7979.0,3263.0,6204.0,3818.0
2018-08-05,22813.0,5867.0,7891,782.0,3018.0,10741.0,8012.0,3280.0,6219.0,3840.0
2018-08-06,22857.0,5877.0,7908,805.0,3045.0,10763.0,8063.0,3316.0,6251.0,3865.0
2018-08-07,22920.0,5920.0,7929,821.0,3077.0,10808.0,8115.0,3369.0,6272.0,3886.0
2018-08-08,22960.0,5934.0,7938,826.0,3095.0,10836.0,8153.0,3410.0,6297.0,3904.0
2018-08-09,22997.0,5942.0,7953,832.0,3128.0,10867.0,8182.0,3456.0,6320.0,3920.0
2018-08-10,23063.0,5947.0,7976,839.0,3151.0,10889.0,8206.0,3495.0,6345.0,3934.0
2018-08-11,23103.0,5946.0,7983,845.0,3165.0,10904.0,8218.0,3512.0,6363.0,3945.0
2018-08-12,23127.0,5953.0,7994,857.0,3180.0,10912.0,8241.0,3530.0,6374.0,3958.0
2018-08-13,23166.0,5965.0,8023,879.0,3210.0,10931.0,8266.0,3556.0,6386.0,3982.0
2018-08-14,23196.0,5990.0,8037,885.0,3229.0,10942.0,8282.0,3575.0,6402.0,3999.0
2018-08-15,23233.0,6008.0,8061,893.0,3248.0,10980.0,8310.0,3606.0,6411.0,4018.0
2018-08-16,23272.0,6043.0,8100,900.0,3276.0,10995.0,8339.0,3625.0,6424.0,4032.0
2018-08-17,23285.0,6061.0,8120,902.0,3290.0,10995.0,8349.0,3652.0,6436.0,4063.0
2018-08-18,23302.0,6073.0,8144,907.0,3302.0,11003.0,8362.0,3669.0,6443.0,4084.0
2018-08-19,23325.0,6093.0,8172,910.0,3311.0,11002.0,8373.0,3674.0,6454.0,4117.0
2018-08-20,23340.0,6110.0,8200,926.0,3330.0,10997.0,8389.0,3690.0,6461.0,4133.0
2018-08-21,23344.0,6123.0,8221,967.0,3340.0,11000.0,8404.0,3722.0,6472.0,4145.0
2018-08-22,23361.0,6135.0,8244,1052.0,3351.0,11005.0,8418.0,3735.0,6478.0,4155.0
2018-08-23,23374.0,6140.0,8262,1092.0,3377.0,11013.0,8432.0,3751.0,6480.0,4164.0
2018-08-24,23407.0,6147.0,8274,1098.0,3401.0,11018.0,8436.0,3767.0,6489.0,4188.0
2018-08-25,23442.0,6148.0,8296,1104.0,3415.0,11023.0,8442.0,3776.0,6505.0,4199.0
2018-08-26,23479.0,6158.0,8310,1118.0,3420.0,11025.0,8452.0,3781.0,6507.0,4470.0
2018-08-27,23522.0,6173.0,8329,1162.0,3436.0,11019.0,8458.0,3782.0,6508.0,4594.0
2018-08-28,23519.0,6190.0,8338,1184.0,3445.0,11018.0,8460.0,3798.0,6509.0,4641.0
2018-08-29,23541.0,6196.0,8346,1205.0,3460.0,11020.0,8459.0,3804.0,6512.0,4662.0
2018-08-30,23590.0,6189.0,8345,1210.0,3466.0,11013.0,8453.0,3799.0,6521.0,4666.0
2018-08-31,23618.0,6187.0,8354,1224.0,3476.0,11013.0,8447.0,3797.0,6521.0,4668.0
2018-09-01,21828.0,5910.0,7877,1092.0,3324.0,10517.0,7094.0,3650.0,6170.0,4306.0
2018-09-02,22719.0,6024.0,7989,1180.0,3368.0,10584.0,7977.0,3695.0,6238.0,4339.0
2018-09-03,22885.0,6052.0,8033,1237.0,3397.0,10688.0,8065.0,3724.0,6271.0,4379.0
2018-09-04,22972.0,6101.0,8046,1269.0,3414.0,10738.0,8115.0,3750.0,6298.0,4385.0
2018-09-05,23038.0,6134.0,8072,1300.0,3426.0,10778.0,8150.0,3770.0,6322.0,4392.0
2018-09-06,23092.0,6157.0,8090,1331.0,3478.0,10805.0,8171.0,3782.0,6348.0,4402.0
2018-09-07,23184.0,6167.0,8117,1345.0,3517.0,10845.0,8194.0,3799.0,6387.0,4429.0
2018-09-08,23345.0,6186.0,8201,1364.0,3551.0,10886.0,8270.0,3836.0,6434.0,4494.0
2018-09-09,23389.0,6194.0,8215,1380.0,3571.0,10896.0,8293.0,3842.0,6450.0,4508.0
2018-09-10,23440.0,6202.0,8229,1438.0,3593.0,10901.0,8325.0,3862.0,6464.0,4510.0
2018-09-11,23469.0,6213.0,8255,1477.0,3610.0,10919.0,8360.0,3949.0,6478.0,4509.0
2018-09-12,23473.0,6219.0,8267,1501.0,3619.0,10918.0,8372.0,3975.0,6484.0,4511.0
2018-09-13,23498.0,6223.0,8281,1524.0,3651.0,10925.0,8382.0,4004.0,6493.0,4521.0
2018-09-14,23533.0,6227.0,8307,1566.0,3679.0,10931.0,8397.0,4028.0,6501.0,4520.0
2018-09-15,23605.0,6240.0,8364,1586.0,3695.0,10958.0,8424.0,4047.0,6529.0,4559.0
2018-09-16,23628.0,6246.0,8388,1602.0,3721.0,10959.0,8432.0,4061.0,6535.0,4566.0
2018-09-17,23653.0,6251.0,8406,1697.0,3745.0,10957.0,8442.0,4075.0,6539.0,4569.0
2018-09-18,23680.0,6258.0,8423,1730.0,3760.0,10961.0,8457.0,4111.0,6544.0,4573.0
2018-09-19,23684.0,6259.0,8451,1755.0,3781.0,10963.0,8466.0,4140.0,6551.0,4603.0
2018-09-20,23695.0,6261.0,8457,1781.0,3795.0,10967.0,8474.0,4156.0,6562.0,4610.0
2018-09-22,23728.0,6269.0,8496,1805.0,3813.0,10988.0,8500.0,4195.0,6578.0,4636.0
2018-09-23,23742.0,6268.0,8514,1821.0,3826.0,10992.0,8512.0,4207.0,6582.0,4653.0
2018-09-24,23737.0,6270.0,8533,1891.0,3831.0,10986.0,8534.0,4216.0,6587.0,4658.0
2018-09-25,23763.0,6289.0,8597,1968.0,3851.0,10989.0,8551.0,4245.0,6598.0,4669.0
2018-09-26,23789.0,6293.0,8676,2008.0,3858.0,10991.0,8560.0,4260.0,6604.0,4674.0
2018-09-27,23804.0,6295.0,8729,2024.0,3875.0,10998.0,8557.0,4265.0,6617.0,4691.0
2018-09-28,23828.0,6289.0,8745,2037.0,3893.0,10993.0,8561.0,4282.0,6622.0,4739.0
2018-09-29,23890.0,6292.0,8750,2059.0,3895.0,10990.0,8564.0,4282.0,6624.0,4773.0
2018-09-30,23943.0,6287.0,8757,2117.0,3905.0,10990.0,8566.0,4283.0,6629.0,4803.0
2018-10-01,23168.0,6153.0,8509,2054.0,3817.0,10588.0,8150.0,4164.0,6393.0,4601.0
2018-10-02,23301.0,6196.0,8564,2068.0,3788.0,10523.0,8266.0,4169.0,6358.0,4537.0
2018-10-03,23460.0,6238.0,8672,2107.0,3836.0,10675.0,8348.0,4226.0,6420.0,4602.0
2018-10-04,23514.0,6264.0,8706,2116.0,3889.0,10732.0,8376.0,4263.0,6449.0,4634.0
2018-10-05,23602.0,6271.0,8767,2124.0,3925.0,10773.0,8403.0,4285.0,6484.0,4698.0
2018-10-06,23693.0,6279.0,8793,2127.0,3946.0,10781.0,8424.0,4308.0,6506.0,4740.0
2018-10-07,23758.0,6289.0,8827,2136.0,3960.0,10790.0,8461.0,4330.0,6512.0,4784.0
2018-10-08,23890.0,6313.0,8920,2151.0,4005.0,10868.0,8549.0,4374.0,6543.0,4845.0
2018-10-09,23946.0,6329.0,8951,2156.0,4018.0,10895.0,8589.0,4395.0,6558.0,4871.0
2018-10-10,23962.0,6332.0,8970,2156.0,4043.0,10907.0,8617.0,4410.0,6569.0,4903.0
2018-10-11,23984.0,6335.0,8982,2158.0,4094.0,10914.0,8624.0,4427.0,6584.0,4925.0
2018-10-12,24005.0,6344.0,8992,2161.0,4132.0,10923.0,8626.0,4438.0,6586.0,4963.0
2018-10-13,24054.0,6351.0,8996,2163.0,4153.0,10928.0,8646.0,4444.0,6592.0,4986.0
2018-10-14,24092.0,6357.0,9006,2162.0,4180.0,10933.0,8664.0,4452.0,6601.0,5020.0
2018-10-15,24177.0,6375.0,9055,2185.0,4220.0,10956.0,8704.0,4467.0,6629.0,5065.0
2018-10-16,24189.0,6389.0,9061,2188.0,4236.0,10959.0,8738.0,4482.0,6640.0,5091.0
2018-10-17,24202.0,6399.0,9081,2191.0,4264.0,10964.0,8755.0,4497.0,6646.0,5112.0
2018-10-18,24220.0,6403.0,9094,2193.0,4288.0,10965.0,8775.0,4512.0,6674.0,5118.0
2018-10-19,24260.0,6408.0,9107,2197.0,4304.0,10965.0,8791.0,4528.0,6706.0,5135.0
2018-10-20,24263.0,6410.0,9112,2196.0,4321.0,10966.0,8800.0,4532.0,6742.0,5166.0
2018-10-21,24293.0,6418.0,9119,2197.0,4333.0,10965.0,8820.0,4542.0,6765.0,5193.0
2018-10-22,24322.0,6427.0,9140,2208.0,4354.0,10969.0,8834.0,4559.0,6789.0,5234.0
2018-10-23,24337.0,6434.0,9144,2211.0,4376.0,10970.0,8859.0,4586.0,6792.0,5331.0
2018-10-24,24373.0,6443.0,9161,2214.0,4383.0,10969.0,8872.0,4603.0,6802.0,5407.0
2018-10-25,24411.0,6449.0,9158,2217.0,4415.0,10972.0,8891.0,4614.0,6808.0,5509.0
2018-10-26,24435.0,6447.0,9163,2218.0,4429.0,10973.0,8908.0,4627.0,6821.0,5564.0
2018-10-27,24448.0,6451.0,9170,2218.0,4431.0,10973.0,8923.0,4630.0,6822.0,5572.0
2018-10-28,24464.0,6454.0,9172,2218.0,4440.0,10969.0,8923.0,4637.0,6822.0,5578.0
2018-10-29,24464.0,6456.0,9174,2220.0,4449.0,10966.0,8928.0,4638.0,6825.0,5576.0
2018-10-30,24462.0,6471.0,9182,2220.0,4456.0,10965.0,8925.0,4644.0,6829.0,5586.0
2018-10-31,24427.0,6465.0,9188,2225.0,4464.0,10968.0,8920.0,4648.0,6822.0,5592.0
2018-11-01,23800.0,6318.0,8867,2187.0,4365.0,10532.0,8624.0,4526.0,6576.0,5271.0
2018-11-02,23807.0,6300.0,8846,2183.0,4363.0,10497.0,8629.0,4553.0,6579.0,5270.0
2018-11-03,23948.0,6329.0,8895,2190.0,4406.0,10561.0,8691.0,4601.0,6620.0,5349.0
2018-11-04,24014.0,6346.0,8918,2192.0,4431.0,10584.0,8733.0,4627.0,6639.0,5369.0
2018-11-05,24056.0,6358.0,8934,2197.0,4461.0,10640.0,8759.0,4671.0,6650.0,5369.0
2018-11-06,24096.0,6390.0,8957,2200.0,4473.0,10686.0,8792.0,4708.0,6658.0,5405.0
2018-11-07,24140.0,6412.0,8972,2203.0,4496.0,10741.0,8819.0,4743.0,6681.0,5441.0
2018-11-08,24296.0,6432.0,9031,2218.0,4547.0,10814.0,8869.0,4791.0,6718.0,5495.0
2018-11-09,24355.0,6444.0,9055,2221.0,4603.0,10847.0,8879.0,4807.0,6733.0,5517.0
2018-11-10,24381.0,6452.0,9065,2227.0,4624.0,10857.0,8894.0,4819.0,6746.0,5535.0
2018-11-11,24411.0,6463.0,9076,2228.0,4662.0,10866.0,8904.0,4827.0,6758.0,5547.0
2018-11-12,24451.0,6481.0,9087,2236.0,4698.0,10876.0,8923.0,4833.0,6767.0,5559.0
2018-11-13,24461.0,6489.0,9098,2240.0,4724.0,10878.0,8937.0,4850.0,6772.0,5569.0
2018-11-14,24485.0,6496.0,9111,2244.0,4742.0,10892.0,8952.0,4862.0,6782.0,5598.0
2018-11-15,24566.0,6510.0,9144,2251.0,4767.0,10923.0,8974.0,4890.0,6800.0,5644.0
2018-11-16,24622.0,6512.0,9154,2253.0,4790.0,10938.0,8991.0,4907.0,6811.0,5664.0
2018-11-17,24655.0,6519.0,9156,2254.0,4806.0,10945.0,8999.0,4909.0,6821.0,5670.0
2018-11-18,24679.0,6527.0,9164,2257.0,4824.0,10949.0,9005.0,4925.0,6828.0,5681.0
2018-11-19,24689.0,6535.0,9169,2275.0,4836.0,10955.0,9032.0,4933.0,6839.0,5696.0
2018-11-20,24685.0,6553.0,9169,2279.0,4851.0,10963.0,9054.0,4951.0,6856.0,5705.0
2018-11-21,24687.0,6560.0,9185,2284.0,4856.0,10993.0,9075.0,4961.0,6866.0,5724.0
2018-11-22,24722.0,6567.0,9201,2287.0,4880.0,11031.0,9090.0,4964.0,6891.0,5750.0
2018-11-23,24748.0,6573.0,9207,2290.0,4893.0,11046.0,9092.0,4974.0,6941.0,5780.0
2018-11-24,24744.0,6578.0,9218,2295.0,4904.0,11057.0,9093.0,4978.0,7005.0,5798.0
2018-11-25,24762.0,6587.0,9224,2302.0,4914.0,11068.0,9095.0,4980.0,7064.0,5811.0
2018-11-26,24786.0,6590.0,9227,2315.0,4925.0,11073.0,9098.0,4984.0,7084.0,5832.0
2018-11-27,24786.0,6587.0,9241,2329.0,4938.0,11080.0,9096.0,4998.0,7097.0,5835.0
2018-11-28,24798.0,6582.0,9243,2342.0,4948.0,11094.0,9104.0,5018.0,7106.0,5843.0
2018-11-29,24807.0,6575.0,9240,2355.0,4965.0,11096.0,9107.0,5031.0,7117.0,5851.0
2018-11-30,24820.0,6575.0,9238,2367.0,4978.0,11106.0,9109.0,5044.0,7106.0,5853.0
2018-12-01,23989.0,6413.0,8904,2308.0,4799.0,10598.0,8731.0,4891.0,6857.0,5462.0
2018-12-02,24049.0,6430.0,8917,2321.0,4812.0,10647.0,8746.0,4921.0,6899.0,5458.0
2018-12-03,24180.0,6458.0,8978,2356.0,4848.0,10796.0,8835.0,4988.0,6952.0,5515.0
2018-12-04,24227.0,6519.0,8991,2382.0,4870.0,10859.0,8874.0,5062.0,6971.0,5540.0
2018-12-05,24286.0,6539.0,9011,2402.0,4885.0,10904.0,8911.0,5114.0,6995.0,5552.0
2018-12-06,24321.0,6551.0,9025,2415.0,4930.0,10946.0,8942.0,5141.0,7005.0,5572.0
2018-12-07,24383.0,6561.0,9040,2428.0,4954.0,10972.0,8971.0,5180.0,7021.0,5611.0
2018-12-08,24509.0,6583.0,9111,2440.0,5002.0,11009.0,9038.0,5222.0,7062.0,5708.0
2018-12-09,24552.0,6588.0,9120,2455.0,5024.0,11021.0,9072.0,5246.0,7069.0,5726.0
2018-12-10,24563.0,6597.0,9138,2472.0,5032.0,11027.0,9111.0,5270.0,7081.0,5741.0
2018-12-11,24579.0,6610.0,9148,2493.0,5051.0,11032.0,9140.0,5319.0,7095.0,5757.0
2018-12-12,24611.0,6615.0,9155,2511.0,5071.0,11040.0,9161.0,5354.0,7105.0,5769.0
2018-12-13,24651.0,6620.0,9161,2530.0,5096.0,11043.0,9170.0,5398.0,7111.0,5791.0
2018-12-14,24703.0,6631.0,9168,2544.0,5128.0,11048.0,9187.0,5427.0,7115.0,5819.0
2018-12-15,24764.0,6637.0,9203,2563.0,5158.0,11069.0,9226.0,5450.0,7140.0,5856.0
2018-12-16,24799.0,6643.0,9224,2584.0,5178.0,11069.0,9242.0,5466.0,7142.0,5879.0
2018-12-17,24850.0,6649.0,9229,2611.0,5191.0,11072.0,9261.0,5486.0,7146.0,5897.0
2018-12-18,24849.0,6659.0,9242,2626.0,5211.0,11179.0,9266.0,5515.0,7139.0,5912.0
2018-12-19,24867.0,6661.0,9254,2644.0,5224.0,11227.0,9271.0,5546.0,7152.0,5929.0
2018-12-20,24872.0,6664.0,9272,2653.0,5236.0,11243.0,9286.0,5574.0,7154.0,5946.0
2018-12-21,24908.0,6662.0,9281,2662.0,5246.0,11255.0,9303.0,5606.0,7155.0,5973.0
2018-12-22,24938.0,6670.0,9312,2671.0,5253.0,11266.0,9322.0,5626.0,7171.0,5992.0
2018-12-23,24946.0,6678.0,9322,2680.0,5265.0,11275.0,9328.0,5637.0,7183.0,6003.0
2018-12-24,24957.0,6697.0,9325,2712.0,5272.0,11289.0,9341.0,5648.0,7195.0,6010.0
2018-12-25,24957.0,6737.0,9336,2728.0,5277.0,11298.0,9356.0,5655.0,7202.0,6021.0
2018-12-26,24958.0,6759.0,9344,2747.0,5280.0,11305.0,9364.0,5654.0,7202.0,6037.0
2018-12-27,25006.0,6768.0,9351,2792.0,5288.0,11321.0,9379.0,5667.0,7199.0,6057.0
2018-12-28,25068.0,6779.0,9359,2817.0,5301.0,11328.0,9386.0,5686.0,7188.0,6066.0
2018-12-29,25089.0,6782.0,9364,2835.0,5308.0,11329.0,9394.0,5689.0,7182.0,6092.0
2018-12-30,25098.0,6784.0,9372,2856.0,5316.0,11326.0,9400.0,5692.0,7171.0,6118.0
2018-12-31,25094.0,6779.0,9377,2993.0,5320.0,11321.0,9399.0,5689.0,7157.0,6145.0
2019-01-01,24462.0,6661.0,9147,2982.0,5177.0,10929.0,9125.0,5571.0,6903.0,5837.0
2019-01-02,24349.0,6625.0,9059,3027.0,5124.0,10826.0,9105.0,5539.0,6835.0,5757.0
2019-01-03,24511.0,6652.0,9107,3077.0,5175.0,10996.0,9155.0,5583.0,6891.0,5823.0
2019-01-04,24635.0,6657.0,9128,3108.0,5212.0,11078.0,9184.0,5633.0,6903.0,5897.0
2019-01-05,24705.0,6663.0,9149,3136.0,5238.0,11099.0,9212.0,5660.0,6912.0,5933.0
2019-01-06,24758.0,6660.0,9166,3170.0,5263.0,11117.0,9245.0,5680.0,6920.0,5970.0
2019-01-07,24791.0,6670.0,9174,3298.0,5290.0,11141.0,9282.0,5694.0,6922.0,5996.0
2019-01-08,24903.0,6719.0,9252,3384.0,5343.0,11209.0,9347.0,5774.0,6974.0,6099.0
2019-01-09,24948.0,6731.0,9272,3462.0,5360.0,11228.0,9378.0,5810.0,6981.0,6113.0
2019-01-10,25073.0,6735.0,9268,3616.0,5402.0,11245.0,9388.0,5833.0,6991.0,6132.0
2019-01-11,25197.0,6740.0,9280,3665.0,5439.0,11256.0,9365.0,5863.0,6991.0,6162.0
2019-01-12,25254.0,6746.0,9291,3711.0,5458.0,11265.0,9264.0,5866.0,6993.0,6181.0
2019-01-13,25288.0,6744.0,9300,3761.0,5480.0,11272.0,9250.0,5882.0,6988.0,6204.0
2019-01-14,25347.0,6750.0,9302,3916.0,5504.0,11280.0,9264.0,5907.0,6989.0,6232.0
2019-01-15,25416.0,6772.0,9338,4025.0,5532.0,11301.0,9301.0,5957.0,7009.0,6293.0
2019-01-17,25546.0,6785.0,9363,4197.0,5569.0,11323.0,9326.0,6005.0,7007.0,6351.0
2019-01-18,25670.0,6785.0,9378,4256.0,5591.0,11336.0,9331.0,6036.0,7011.0,6383.0
2019-01-19,25754.0,6779.0,9390,4287.0,5606.0,11342.0,9336.0,6044.0,7006.0,6391.0
2019-01-20,25803.0,6788.0,9388,4311.0,5624.0,11343.0,9345.0,6054.0,7003.0,6411.0
2019-01-21,25867.0,6796.0,9395,4358.0,5639.0,11344.0,9352.0,6060.0,7003.0,6434.0
2019-01-22,25918.0,6819.0,9419,4397.0,5659.0,11350.0,9365.0,6111.0,7009.0,6472.0
2019-01-23,25935.0,6825.0,9439,4441.0,5674.0,11350.0,9369.0,6139.0,7009.0,6484.0
2019-01-24,25955.0,6840.0,9443,4482.0,5679.0,11359.0,9384.0,6156.0,7001.0,6504.0
2019-01-25,26039.0,6845.0,9452,4548.0,5704.0,11361.0,9398.0,6172.0,6996.0,6529.0
2019-01-26,26082.0,6849.0,9464,4576.0,5721.0,11361.0,9411.0,6184.0,6985.0,6555.0
2019-01-27,26101.0,6848.0,9474,4615.0,5740.0,11362.0,9415.0,6194.0,6975.0,6580.0
2019-01-28,26114.0,6853.0,9791,4654.0,5748.0,11367.0,9418.0,6207.0,6972.0,6602.0
2019-01-29,26111.0,6857.0,9954,4687.0,5761.0,11365.0,9423.0,6224.0,6955.0,6616.0
2019-01-30,26116.0,6849.0,10034,4722.0,5766.0,11366.0,9431.0,6230.0,6943.0,6628.0
2019-01-31,26116.0,6836.0,10084,4772.0,5777.0,11373.0,9432.0,6233.0,6945.0,6616.0
2019-02-01,26105.0,6816.0,10079,4784.0,5788.0,11341.0,9408.0,6261.0,6927.0,6571.0
2019-02-02,25886.0,6778.0,10007,4763.0,5726.0,11225.0,9320.0,6201.0,6864.0,6481.0
2019-02-03,25627.0,6714.0,9885,4743.0,5682.0,11090.0,9210.0,6145.0,6769.0,6318.0
2019-02-04,25471.0,6695.0,9778,4783.0,5641.0,11019.0,9160.0,6113.0,6703.0,6224.0
2019-02-05,25524.0,6741.0,9817,4856.0,5668.0,11059.0,9184.0,6167.0,6720.0,6254.0
2019-02-06,25568.0,6761.0,9834,4919.0,5682.0,11086.0,9210.0,6218.0,6732.0,6274.0
2019-02-07,25627.0,6779.0,9840,5026.0,5743.0,11140.0,9229.0,6247.0,6739.0,6298.0
2019-02-08,25828.0,6805.0,9920,5104.0,5806.0,11204.0,9317.0,6331.0,6794.0,6423.0
2019-02-09,25880.0,6815.0,9941,5137.0,5832.0,11218.0,9333.0,6356.0,6801.0,6444.0
2019-02-10,25940.0,6820.0,9952,5167.0,5846.0,11226.0,9363.0,6380.0,6809.0,6471.0
2019-02-11,25973.0,6826.0,9964,5234.0,5863.0,11238.0,9429.0,6401.0,6812.0,6493.0
2019-02-12,25989.0,6849.0,9979,5286.0,5882.0,11244.0,9495.0,6461.0,6823.0,6529.0
2019-02-13,26005.0,6860.0,9986,5339.0,5896.0,11253.0,9528.0,6499.0,6823.0,6543.0
2019-02-14,26081.0,6868.0,9994,5398.0,5923.0,11262.0,9552.0,6537.0,6835.0,6562.0
2019-02-15,26266.0,6885.0,10048,5447.0,5973.0,11297.0,9584.0,6607.0,6871.0,6601.0
2019-02-16,26323.0,6891.0,10064,5472.0,5979.0,11306.0,9600.0,6628.0,6880.0,6613.0
2019-02-17,26371.0,6894.0,10085,5500.0,5993.0,11309.0,9626.0,6659.0,6883.0,6633.0
2019-02-18,26409.0,6899.0,10110,5555.0,6006.0,11309.0,9647.0,6688.0,6885.0,6638.0
2019-02-19,26442.0,6906.0,10116,5603.0,6015.0,11308.0,9671.0,6735.0,6883.0,6654.0
2019-02-20,26469.0,6905.0,10117,5683.0,6032.0,11310.0,9698.0,6761.0,6884.0,6689.0
2019-02-21,26502.0,6908.0,10117,5770.0,6046.0,11314.0,9714.0,6805.0,6891.0,6709.0
2019-02-22,26641.0,6916.0,10140,5806.0,6068.0,11327.0,9738.0,6844.0,6904.0,6747.0
2019-02-23,26696.0,6924.0,10152,5817.0,6078.0,11326.0,9738.0,6865.0,6907.0,6743.0
2019-02-24,26737.0,6927.0,10158,5852.0,6094.0,11325.0,9756.0,6880.0,6906.0,6746.0
2019-02-25,26752.0,6933.0,10173,5904.0,6107.0,11323.0,9768.0,6903.0,6903.0,6755.0
2019-02-26,26775.0,6935.0,10184,5957.0,6115.0,11324.0,9779.0,6939.0,6901.0,6755.0
2019-02-27,26786.0,6936.0,10191,6077.0,6127.0,11317.0,9778.0,6962.0,6899.0,6769.0
2019-02-28,26794.0,6923.0,10210,6167.0,6126.0,11321.0,9770.0,6982.0,6887.0,6756.0
2019-03-01,26114.0,6768.0,9854,6057.0,5939.0,10743.0,9433.0,6873.0,6640.0,6310.0
2019-03-02,26335.0,6800.0,9925,6106.0,5991.0,10819.0,9530.0,6982.0,6693.0,6416.0
2019-03-03,26471.0,6814.0,9968,6140.0,6020.0,10880.0,9577.0,7058.0,6713.0,6451.0
2019-03-04,26585.0,6842.0,9978,6220.0,6042.0,10976.0,9635.0,7139.0,6729.0,6471.0
2019-03-05,26633.0,6886.0,9992,6269.0,6059.0,11038.0,9666.0,7199.0,6735.0,6488.0
2019-03-06,26680.0,6902.0,10014,6328.0,6063.0,11090.0,9701.0,7267.0,6742.0,6495.0
2019-03-08,26900.0,6967.0,10093,6401.0,6165.0,11225.0,9775.0,7421.0,6812.0,6591.0
2019-03-09,26939.0,6987.0,10096,6419.0,6183.0,11237.0,9788.0,7449.0,6816.0,6631.0
2019-03-10,26978.0,7007.0,10102,6448.0,6200.0,11245.0,9815.0,7488.0,6820.0,6665.0
2019-03-11,27025.0,7019.0,10112,6512.0,6223.0,11255.0,9872.0,7566.0,6826.0,6684.0
2019-03-12,27048.0,7051.0,10132,6540.0,6239.0,11262.0,9899.0,7616.0,6825.0,6717.0
2019-03-13,27092.0,7079.0,10158,6591.0,6260.0,11265.0,9925.0,7670.0,6832.0,6751.0
2019-03-14,27229.0,7103.0,10166,6627.0,6289.0,11277.0,9947.0,7711.0,6839.0,6774.0
2019-03-15,27364.0,7129.0,10204,6641.0,6328.0,11292.0,9966.0,7772.0,6851.0,6829.0
2019-03-16,27409.0,7135.0,10232,6654.0,6346.0,11287.0,9973.0,7801.0,6850.0,6853.0
2019-03-17,27450.0,7140.0,10287,6670.0,6362.0,11285.0,9990.0,7812.0,6848.0,6866.0
2019-03-18,27523.0,7151.0,10709,6735.0,6383.0,11285.0,10023.0,7861.0,6847.0,6862.0
2019-03-19,27547.0,7176.0,11356,6765.0,6397.0,11292.0,10055.0,7903.0,6848.0,6884.0
2019-03-20,27569.0,7187.0,11532,6859.0,6424.0,11290.0,10079.0,7946.0,6847.0,6911.0
2019-03-21,27640.0,7210.0,11661,6941.0,6496.0,11307.0,10103.0,8002.0,6860.0,6974.0
2019-03-22,27674.0,7212.0,11669,6985.0,6509.0,11308.0,10104.0,8018.0,6860.0,6987.0
2019-03-23,27720.0,7221.0,11679,6992.0,6541.0,11312.0,10125.0,8030.0,6861.0,7014.0
2019-03-24,27741.0,7231.0,11692,7042.0,6563.0,11316.0,10133.0,8042.0,6862.0,7037.0
2019-03-25,27773.0,7231.0,11714,7175.0,6579.0,11315.0,10146.0,8073.0,6871.0,7052.0
2019-03-26,27799.0,7247.0,11729,7214.0,6600.0,11318.0,10153.0,8122.0,6870.0,7051.0
2019-03-27,27810.0,7250.0,11744,7236.0,6615.0,11328.0,10172.0,8148.0,6873.0,7062.0
2019-03-28,27894.0,7250.0,11756,7253.0,6634.0,11346.0,10170.0,8164.0,6865.0,7069.0
2019-03-29,27949.0,7242.0,11764,7251.0,6647.0,11350.0,10166.0,8175.0,6862.0,7124.0
2019-03-30,27973.0,7236.0,11779,7256.0,6666.0,11346.0,10174.0,8169.0,6859.0,7151.0
2019-03-31,27994.0,7228.0,11791,7261.0,6665.0,11348.0,10166.0,8161.0,6849.0,7165.0
2019-04-01,27017.0,7030.0,11281,7051.0,6398.0,10865.0,9747.0,7859.0,6514.0,6628.0
2019-04-02,27236.0,7106.0,11331,7096.0,6501.0,10970.0,9866.0,7970.0,6582.0,6749.0
2019-04-03,27384.0,7141.0,11380,7118.0,6547.0,11032.0,9924.0,8027.0,6628.0,6788.0
2019-04-04,27487.0,7150.0,11398,7134.0,6602.0,11088.0,9947.0,8072.0,6654.0,6823.0
2019-04-05,27584.0,7163.0,11410,7148.0,6648.0,11117.0,9980.0,8110.0,6673.0,6895.0
2019-04-06,27619.0,7161.0,11417,7150.0,6671.0,11128.0,10006.0,8129.0,6689.0,6931.0
2019-04-07,27677.0,7167.0,11424,7156.0,6698.0,11137.0,10032.0,8148.0,6697.0,6974.0
2019-04-08,27788.0,7199.0,11487,7183.0,6769.0,11189.0,10098.0,8225.0,6743.0,7329.0
2019-04-09,27845.0,7219.0,11491,7201.0,6797.0,11208.0,10120.0,8263.0,6746.0,7489.0
2019-04-10,27897.0,7235.0,11498,7200.0,6818.0,11238.0,10135.0,8303.0,6749.0,7564.0
2019-04-11,27930.0,7244.0,11503,7203.0,6849.0,11293.0,10148.0,8329.0,6755.0,7595.0
2019-04-12,27960.0,7251.0,11503,7213.0,6876.0,11315.0,10165.0,8356.0,6760.0,7646.0
2019-04-13,27990.0,7253.0,11516,7232.0,6891.0,11322.0,10173.0,8377.0,6765.0,7679.0
2019-04-14,28030.0,7254.0,11522,7250.0,6917.0,11331.0,10179.0,8392.0,6771.0,7721.0
2019-04-15,28085.0,7255.0,11563,7285.0,6946.0,11363.0,10215.0,8436.0,6789.0,7787.0
2019-04-16,28127.0,7258.0,11573,7301.0,6964.0,11369.0,10236.0,8483.0,6791.0,7810.0
2019-04-17,28169.0,7262.0,11574,7320.0,6976.0,11381.0,10246.0,8519.0,6790.0,7835.0
2019-04-18,28227.0,7262.0,11581,7358.0,6995.0,11395.0,10252.0,8562.0,6792.0,7873.0
2019-04-19,28263.0,7267.0,11587,7375.0,7007.0,11402.0,10264.0,8593.0,6797.0,7890.0
2019-04-20,28292.0,7272.0,11592,7386.0,7031.0,11404.0,10280.0,8611.0,6797.0,7896.0
2019-04-21,28336.0,7277.0,11594,7397.0,7046.0,11404.0,10283.0,8622.0,6794.0,7909.0
2019-04-22,28371.0,7287.0,11605,7417.0,7057.0,11409.0,10301.0,8647.0,6806.0,7925.0
2019-04-23,28399.0,7310.0,11601,7419.0,7073.0,11404.0,10309.0,8665.0,6800.0,7945.0
2019-04-24,28425.0,7315.0,11597,7422.0,7091.0,11405.0,10315.0,8687.0,6795.0,7950.0
2019-04-25,28531.0,7317.0,11597,7439.0,7114.0,11407.0,10317.0,8691.0,6793.0,7945.0
2019-04-26,28607.0,7319.0,11597,7440.0,7127.0,11406.0,10314.0,8701.0,6790.0,7952.0
2019-04-27,28646.0,7322.0,11592,7447.0,7125.0,11407.0,10329.0,8708.0,6783.0,7966.0
2019-04-28,28690.0,7326.0,11594,7462.0,7128.0,11408.0,10324.0,8709.0,6781.0,7960.0
2019-04-29,28699.0,7324.0,11587,7473.0,7135.0,11400.0,10334.0,8705.0,6775.0,7956.0
2019-04-30,28684.0,7293.0,11564,7491.0,7128.0,11391.0,10336.0,8709.0,6750.0,7933.0
2019-05-01,27648.0,7092.0,11051,7293.0,6808.0,10619.0,9876.0,8370.0,6420.0,7278.0
2019-05-02,27954.0,7134.0,11145,7352.0,6919.0,10819.0,9990.0,8479.0,6496.0,7416.0
2019-05-03,28304.0,7175.0,11230,7393.0,7008.0,10921.0,10071.0,8572.0,6563.0,7527.0
2019-05-04,28404.0,7175.0,11240,7400.0,7031.0,10945.0,10092.0,8592.0,6571.0,7558.0
2019-05-05,28478.0,7186.0,11250,7410.0,7042.0,10963.0,10119.0,8606.0,6575.0,7579.0
2019-05-06,28553.0,7210.0,11264,7427.0,7063.0,11007.0,10166.0,8629.0,6580.0,7588.0
2019-05-07,28598.0,7240.0,11274,7441.0,7073.0,11089.0,10196.0,8691.0,6582.0,7610.0
2019-05-08,28700.0,7260.0,11337,7466.0,7119.0,11381.0,10248.0,8777.0,6614.0,7733.0
2019-05-09,28732.0,7268.0,11354,7472.0,7148.0,11491.0,10261.0,8815.0,6621.0,7784.0
2019-05-10,28844.0,7276.0,11374,7476.0,7171.0,11532.0,10268.0,8857.0,6626.0,7820.0
2019-05-11,28920.0,7283.0,11386,7479.0,7190.0,11540.0,10269.0,8885.0,6626.0,7845.0
2019-05-12,28993.0,7280.0,11400,7481.0,7208.0,11551.0,10279.0,8908.0,6630.0,7860.0
2019-05-13,29017.0,7280.0,11420,7479.0,7223.0,11553.0,10295.0,8933.0,6631.0,7884.0
2019-05-14,29043.0,7294.0,11494,7482.0,7228.0,11548.0,10310.0,8995.0,6636.0,7887.0
2019-05-15,29124.0,7316.0,11612,7480.0,7261.0,11571.0,10343.0,9071.0,6650.0,7926.0
2019-05-16,29202.0,7322.0,11665,7477.0,7316.0,11578.0,10349.0,9115.0,6651.0,7931.0
2019-05-17,29317.0,7323.0,11696,7476.0,7363.0,11574.0,10364.0,9153.0,6646.0,7943.0
2019-05-18,29369.0,7324.0,11720,7472.0,7393.0,11574.0,10376.0,9169.0,6648.0,7955.0
2019-05-19,29421.0,7330.0,11736,7475.0,7416.0,11575.0,10386.0,9194.0,6650.0,8299.0
2019-05-20,29446.0,7327.0,11750,7476.0,7439.0,11572.0,10385.0,9220.0,6650.0,8647.0
2019-05-21,29459.0,7333.0,11771,7475.0,7460.0,11572.0,10393.0,9279.0,6651.0,8843.0
2019-05-22,29505.0,7341.0,11799,7484.0,7483.0,11571.0,10405.0,9329.0,6655.0,9327.0
2019-05-23,29545.0,7341.0,11814,7489.0,7508.0,11576.0,10405.0,9371.0,6652.0,9515.0
2019-05-24,29570.0,7337.0,11818,7496.0,7530.0,11578.0,10413.0,9394.0,6654.0,9693.0
2019-05-25,29609.0,7336.0,11822,7496.0,7550.0,11579.0,10415.0,9413.0,6655.0,9753.0
2019-05-26,29687.0,7338.0,11833,7497.0,7565.0,11579.0,10424.0,9431.0,6654.0,9788.0
2019-05-27,29711.0,7345.0,11839,7499.0,7579.0,11575.0,10426.0,9439.0,6652.0,9813.0
2019-05-28,29726.0,7348.0,11844,7493.0,7577.0,11570.0,10428.0,9466.0,6645.0,9835.0
2019-05-29,29738.0,7348.0,11858,7496.0,7586.0,11564.0,10425.0,9485.0,6649.0,9850.0
2019-05-30,29726.0,7343.0,11855,7487.0,7583.0,11572.0,10410.0,9500.0,6639.0,9857.0
2019-05-31,29716.0,7330.0,11857,7482.0,7592.0,11567.0,10404.0,9501.0,6626.0,9882.0
2019-06-01,28629.0,7113.0,11375,7248.0,7268.0,11144.0,9979.0,9103.0,6352.0,9127.0
2019-06-02,28765.0,7153.0,11415,7272.0,7326.0,11189.0,10045.0,9165.0,6387.0,9236.0
2019-06-03,28905.0,7172.0,11455,7298.0,7377.0,11257.0,10128.0,9241.0,6430.0,9330.0
2019-06-04,28934.0,7226.0,11462,7299.0,7408.0,11314.0,10167.0,9319.0,6448.0,9358.0
2019-06-05,28961.0,7246.0,11473,7300.0,7432.0,11351.0,10206.0,9372.0,6466.0,9398.0
2019-06-06,29015.0,7253.0,11497,7306.0,7487.0,11376.0,10224.0,9416.0,6476.0,9431.0
2019-06-07,29081.0,7262.0,11518,7310.0,7547.0,11390.0,10238.0,9554.0,6492.0,9514.0
2019-06-08,29193.0,7284.0,11609,7320.0,7634.0,11423.0,10301.0,9700.0,6536.0,9642.0
2019-06-09,29230.0,7295.0,11615,7320.0,7674.0,11422.0,10317.0,9785.0,6535.0,9679.0
2019-06-10,29251.0,7300.0,11630,7322.0,7701.0,11420.0,10341.0,9880.0,6536.0,9734.0
2019-06-11,29261.0,7336.0,11625,7323.0,7723.0,11427.0,10363.0,9986.0,6535.0,9769.0
2019-06-12,29260.0,7342.0,11637,7327.0,7744.0,11434.0,10372.0,10070.0,6548.0,9791.0
2019-06-13,29264.0,7352.0,11638,7325.0,7814.0,11441.0,10370.0,10165.0,6549.0,9835.0
2019-06-14,29280.0,7371.0,11642,7325.0,7872.0,11448.0,10378.0,10256.0,6556.0,9888.0
2019-06-15,29361.0,7389.0,11678,7333.0,7907.0,11460.0,10401.0,10329.0,6579.0,9970.0
2019-06-16,29378.0,7397.0,11687,7333.0,7930.0,11460.0,10414.0,10377.0,6580.0,9996.0
2019-06-17,29385.0,7410.0,11753,7331.0,7960.0,11461.0,10422.0,10450.0,6585.0,10026.0
2019-06-18,29391.0,7439.0,11805,7326.0,7988.0,11461.0,10425.0,10524.0,6582.0,10049.0
2019-06-19,29395.0,7452.0,11813,7318.0,8013.0,11465.0,10435.0,10613.0,6585.0,10074.0
2019-06-20,29416.0,7458.0,11827,7314.0,8044.0,11459.0,10442.0,10679.0,6585.0,10097.0
2019-06-21,29417.0,7464.0,11834,7307.0,8054.0,11464.0,10439.0,10713.0,6581.0,10139.0
2019-06-22,29426.0,7476.0,11854,7308.0,8064.0,11468.0,10448.0,10761.0,6587.0,10217.0
2019-06-23,29431.0,7486.0,11853,7300.0,8071.0,11468.0,10450.0,10783.0,6590.0,10248.0
2019-06-24,29409.0,7498.0,11855,7298.0,8090.0,11466.0,10438.0,10833.0,6587.0,10267.0
2019-06-25,29384.0,7507.0,11856,7294.0,8117.0,11465.0,10439.0,10892.0,6584.0,10292.0
2019-06-26,29364.0,7513.0,11863,7290.0,8134.0,11464.0,10441.0,10929.0,6581.0,10319.0
2019-06-27,29365.0,7518.0,11862,7288.0,8148.0,11464.0,10443.0,10951.0,6582.0,10348.0
2019-06-28,29411.0,7511.0,11856,7285.0,8171.0,11456.0,10443.0,10989.0,6584.0,10394.0
2019-06-29,29472.0,7508.0,11864,7275.0,8172.0,11455.0,10449.0,10998.0,6586.0,10422.0
2019-06-30,29502.0,7510.0,11862,7277.0,8173.0,11455.0,10430.0,11011.0,6578.0,10424.0
2019-07-01,28497.0,7340.0,11339,7075.0,7850.0,11004.0,9948.0,10522.0,6289.0,9624.0
2019-07-02,28696.0,7411.0,11409,7117.0,7966.0,11141.0,10027.0,10682.0,6357.0,9776.0
2019-07-03,28843.0,7446.0,11477,7148.0,8046.0,11210.0,10088.0,10817.0,6427.0,9886.0
2019-07-04,28890.0,7456.0,11480,7155.0,8090.0,11239.0,10101.0,10846.0,6437.0,9910.0
2019-07-05,28948.0,7473.0,11484,7157.0,8140.0,11253.0,10117.0,10902.0,6453.0,9967.0
2019-07-06,28970.0,7484.0,11486,7160.0,8180.0,11264.0,10130.0,10931.0,6454.0,10014.0
2019-07-07,29016.0,7490.0,11490,7158.0,8213.0,11266.0,10154.0,10970.0,6462.0,10046.0
2019-07-08,29134.0,7514.0,11539,7185.0,8287.0,11298.0,10244.0,11059.0,6506.0,10144.0
2019-07-09,29151.0,7531.0,11536,7203.0,8320.0,11300.0,10275.0,11151.0,6509.0,10174.0
2019-07-10,29179.0,7547.0,11531,7215.0,8349.0,11306.0,10294.0,11202.0,6515.0,10215.0
2019-07-11,29285.0,7552.0,11529,7225.0,8390.0,11315.0,10318.0,11257.0,6523.0,10240.0
2019-07-12,29369.0,7563.0,11536,7235.0,8427.0,11319.0,10358.0,11318.0,6532.0,10272.0
2019-07-13,29414.0,7573.0,11537,7242.0,8446.0,11322.0,10393.0,11355.0,6543.0,10288.0
2019-07-14,29471.0,7584.0,11539,7244.0,8473.0,11327.0,10431.0,11402.0,6553.0,10313.0
2019-07-15,29589.0,7594.0,11575,7272.0,8518.0,11353.0,10491.0,11481.0,6568.0,10386.0
2019-07-16,29617.0,7614.0,11575,7280.0,8549.0,11357.0,10512.0,11852.0,6569.0,10392.0
2019-07-17,29650.0,,11590,,8584.0,11363.0,10535.0,12046.0,6571.0,10598.0
2019-07-18,29671.0,7632.0,11584,7273.0,8606.0,11368.0,10552.0,12154.0,6577.0,10681.0
2019-07-19,29719.0,7633.0,11588,7281.0,8657.0,11371.0,10565.0,12254.0,6576.0,10699.0
2019-07-20,29782.0,7636.0,11593,7283.0,8691.0,11372.0,10570.0,12302.0,6579.0,10715.0
2019-07-21,29838.0,7642.0,11598,7289.0,8721.0,11368.0,10604.0,12349.0,6581.0,10730.0
2019-07-22,29899.0,7650.0,11619,7297.0,8748.0,11381.0,10631.0,12425.0,6594.0,10768.0
2019-07-23,29907.0,7659.0,11623,7298.0,8772.0,11379.0,10645.0,12489.0,6596.0,10781.0
2019-07-24,29916.0,7671.0,11619,7296.0,8806.0,11383.0,10654.0,12529.0,6593.0,10791.0
2019-07-25,29930.0,7671.0,11615,7305.0,8837.0,11386.0,10670.0,12556.0,6593.0,10798.0
2019-07-26,29999.0,7670.0,11617,7302.0,8922.0,11389.0,10678.0,12585.0,6592.0,10817.0
2019-07-27,30053.0,7677.0,11624,7300.0,8975.0,11387.0,10688.0,12603.0,6595.0,10843.0
2019-07-28,30099.0,7683.0,11624,7300.0,8992.0,11388.0,10697.0,12622.0,6597.0,10854.0
